Date,Home Team,Home Score,Away Team,Away Score
2015-08-14,North Platte,18,Braymer with Breckenridge,6
2015-08-14,Braymer with Breckenridge,6,Crest Ridge,24
2015-08-21,Butler,32,Adrian,14
2015-08-21,Harrisonville,17,Benton,14
2015-08-21,Pembroke Hill,0,Bishop LeBlond,41
2015-08-21,Park Hill,7,Blue Springs South,14
2015-08-21,California,6,Boonville,9
2015-08-21,Louisiana,34,Bowling Green,48
2015-08-21,Central (Springfield),22,Branson,21
2015-08-21,Fair Grove,61,Buffalo,8
2015-08-21,Ash Grove,13,Cabool,6
2015-08-21,Hillcrest,12,Camdenton,35
2015-08-21,John Burroughs,33,Cardinal Ritter,6
2015-08-21,East Newton,7,Carl Junction,61
2015-08-21,Potosi,29,Carnahan,20
2015-08-21,Liberty (Mountain View),49,Caruthersville,6
2015-08-21,Aurora,20,Cassville,21
2015-08-21,Vashon,34,Central (Cape Girardeau),32
2015-08-21,Malden,49,Central (New Madrid County),14
2015-08-21,Kearney,55,Central (St. Joseph),15
2015-08-21,Grandview (Hillsboro),14,Chaffee,20
2015-08-21,Mehlville,7,Chaminade College Prep,57
2015-08-21,Sikeston,53,Charleston,6
2015-08-21,Monroe City,16,Clark County,29
2015-08-21,Lafayette County,62,Concordia,14
2015-08-21,Archie,23,Crest Ridge,40
2015-08-21,Brentwood,58,Crystal City,6
2015-08-21,Hazelwood Central,40,De Smet Jesuit,6
2015-08-21,Ste. Genevieve,42,Dexter,7
2015-08-21,Appleton City with Montrose,56,Drexel with Miami (Amoret),58
2015-08-21,St. Charles,28,Duchesne,17
2015-08-21,West Platte,29,East (Kansas City),20
2015-08-21,Maysville,8,East Buchanan,52
2015-08-21,Stockton,15,El Dorado Springs,20
2015-08-21,Lafayette (Wildwood),13,Eureka,35
2015-08-21,Harrisburg,6,Father Tolton,54
2015-08-21,Westminster Christian Academy,27,Festus,7
2015-08-21,Raytown South,14,Fort Osage,27
2015-08-21,Poplar Bluff,33,Fox,3
2015-08-21,Kennett,35,Fredericktown,7
2015-08-21,Francis Howell Central,20,Ft. Zumwalt East,43
2015-08-21,Troy Buchanan,6,Ft. Zumwalt South,34
2015-08-21,Holt,13,Ft. Zumwalt West,55
2015-08-21,Osage,21,Fulton,33
2015-08-21,North Platte,2,Gallatin,0
2015-08-21,Joplin,56,Glendale,48
2015-08-21,Fayette,0,Hallsville,28
2015-08-21,MICDS,9,Hannibal,34
2015-08-21,Thayer,26,Hayti,6
2015-08-21,Scott City,34,Herculaneum,6
2015-08-21,Montgomery County,6,Hermann,55
2015-08-21,Centralia,48,Highland,19
2015-08-21,Houston,16,Hollister,7
2015-08-21,Sarcoxie,6,Jasper,28
2015-08-21,Jefferson (Festus),24,John F. Kennedy with Valley Park,34
2015-08-21,East Prairie,41,Kelly,0
2015-08-21,Parkview,3,Kickapoo,35
2015-08-21,Lindbergh,7,Kirkwood,35
2015-08-21,North Kansas City,16,Lafayette (St. Joseph),7
2015-08-21,Van Horn,14,Lathrop,12
2015-08-21,Rolla,14,Lebanon,38
2015-08-21,Truman,0,Lee's Summit,33
2015-08-21,Lockwood with Golden City,55,Liberal with Bronaugh,8
2015-08-21,Lee's Summit West,35,Liberty,9
2015-08-21,Transportation and Law,8,Liberty (Wentzville),20
2015-08-21,Rich Hill with Hume,0,Lincoln,40
2015-08-21,Mountain Grove,51,Logan-Rogersville,0
2015-08-21,Wellington-Napoleon,50,Lone Jack,16
2015-08-21,Bishop DuBourg,28,Lutheran South,56
2015-08-21,Principia,3,Lutheran St. Charles,60
2015-08-21,Palmyra,52,Macon,8
2015-08-21,Knox County,6,Marceline,48
2015-08-21,Westran,28,Mark Twain,50
2015-08-21,Chillicothe,41,Marshall,13
2015-08-21,Ava,45,Marshfield,27
2015-08-21,Lawson,0,Maryville,39
2015-08-21,Miller Career Academy,27,McCluer,14
2015-08-21,Jefferson City,64,McCluer North,34
2015-08-21,Neosho with Neosho Christian,46,McDonald County,6
2015-08-21,King City with Union Star,14,Mid-Buchanan,28
2015-08-21,Princeton with Mercer,25,Milan,29
2015-08-21,Marionville,45,Miller with Everton,16
2015-08-21,Blair Oaks,42,Moberly,18
2015-08-21,Lamar,52,Mt. Vernon,6
2015-08-21,Helias Catholic,9,Nixa,31
2015-08-21,Mexico,39,North Callaway,6
2015-08-21,Roosevelt,0,North County,35
2015-08-21,Van-Far with Community,36,North Shelby,0
2015-08-21,Hazelwood West,28,Northwest (Cedar Hill),8
2015-08-21,Holden,0,Oak Grove,55
2015-08-21,Parkway South,0,Oakville,27
2015-08-21,St. Pius X (Kansas City),14,Odessa,33
2015-08-21,Richmond,14,O'Hara,20
2015-08-21,Veritas Christian Academy,34,Orchard Farm,24
2015-08-21,Braymer with Breckenridge,47,Orrick,12
2015-08-21,Midway,14,Osceola,21
2015-08-21,St. Francis Borgia,55,Owensville,16
2015-08-21,Bolivar,28,Ozark,7
2015-08-21,DeSoto with Kingston,40,Pacific,14
2015-08-21,Lee's Summit North,21,Park Hill South,7
2015-08-21,Timberland,28,Parkway North,40
2015-08-21,Sumner,18,Perryville,36
2015-08-21,Cameron,20,Plattsburg,18
2015-08-21,Sherwood,14,Pleasant Hope,7
2015-08-21,Summit Christian Academy,56,Polo,32
2015-08-21,Barat Academy,0,Portageville,52
2015-08-21,South Callaway,45,Putnam County,7
2015-08-21,Belton,35,Raymore-Peculiar,43
2015-08-21,Liberty North,14,Raytown,9
2015-08-21,Marquette,21,Ritenour,20
2015-08-21,Parkway Central,7,Rockwood Summit,24
2015-08-21,Grandview,58,Ruskin,6
2015-08-21,Grain Valley,14,Savannah,29
2015-08-21,Paris,47,Schuyler County,0
2015-08-21,Salisbury,14,Scotland County,39
2015-08-21,Pattonville,55,Seckman,7
2015-08-21,Monett,42,Seneca,7
2015-08-21,Cole Camp,8,Skyline,48
2015-08-21,Santa Fe,52,Slater,8
2015-08-21,Hillsboro,14,SLUH,49
2015-08-21,Republic,14,Smith-Cotton,42
2015-08-21,Pleasant Hill,0,Smithville,28
2015-08-21,Penney,6,South Harrison,17
2015-08-21,Brookfield,40,South Shelby,7
2015-08-21,Strafford,42,Springfield Catholic,6
2015-08-21,Ft. Zumwalt North,38,St. Charles West,0
2015-08-21,Washington,34,St. Clair,12
2015-08-21,Warrenton,28,St. Dominic,26
2015-08-21,Cuba,26,St. James,64
2015-08-21,Gateway,40,Webster Groves,26
2015-08-21,Southern Boone,50,St. Pius X (Festus),0
2015-08-21,Valle Catholic,62,St. Vincent,0
2015-08-21,Blue Springs,0,Staley,35
2015-08-21,Central (Park Hills),52,Sullivan,14
2015-08-21,Windsor,38,Sweet Springs with Malta Bend,14
2015-08-21,Lexington,35,Tipton,0
2015-08-21,Carrollton,0,Trenton,41
2015-08-21,Wright City,20,Trinity Catholic,18
2015-08-21,Parkway West,39,Union,14
2015-08-21,Center,49,University Academy Charter,6
2015-08-21,Knob Noster,28,Versailles,29
2015-08-21,Francis Howell North,21,Vianney,43
2015-08-21,Excelsior Springs,26,Warrensburg,61
2015-08-21,Clinton,19,Warsaw,7
2015-08-21,Carthage,0,Webb City,31
2015-08-21,Francis Howell,42,Webster Groves,0
2015-08-21,Waynesville,25,West Plains,42
2015-08-21,Nevada,6,Willard,41
2015-08-21,Platte County,39,William Chrisman,18
2015-08-21,Reeds Spring,28,Willow Springs,0
2015-08-21,Affton,44,Windsor (Imperial),21
2015-08-21,Clopton with Elsberry,22,Winfield,68
2015-08-21,Oak Park,18,Winnetonka,33
2015-08-22,Confluence Prep Academy Charter,6,Eldon,42
2015-08-22,Christian Brothers College,66,Hickman,7
2015-08-22,Lincoln College Prep,34,Hogan Prep Academy Charter,36
2015-08-22,Battle,42,Jackson,20
2015-08-22,Riverview Gardens,26,Jennings,38
2015-08-22,Salem,20,Kirksville,7
2015-08-22,Farmington,17,Ladue Horton Watkins,14
2015-08-22,Clayton,29,Lutheran North,21
2015-08-22,Cleveland NJROTC,0,McCluer South-Berkeley,48
2015-08-22,Lift for Life Academy Charter,24,Normandy Collaborative,16
2015-08-22,Southeast,6,Northeast (Kansas City),20
2015-08-22,Rock Bridge,7,Rockhurst,26
2015-08-22,Priory,34,Soldan International Studies,24
2015-08-22,Hazelwood East,14,University City,23
2015-08-27,Central (Kansas City),14,Lincoln College Prep,57
2015-08-27,Oak Grove,21,O'Hara,16
2015-08-28,Drexel with Miami (Amoret),8,Adrian,41
2015-08-28,Parkway West,27,Affton,21
2015-08-28,Midway,33,Archie,14
2015-08-28,McDonald County,21,Aurora,56
2015-08-28,El Dorado Springs,16,Ava,45
2015-08-28,Holt,12,Battle,55
2015-08-28,DeSoto with Kingston,28,Bishop DuBourg,21
2015-08-28,Owensville,19,Blair Oaks,48
2015-08-28,Fort Osage,30,Blue Springs,16
2015-08-28,Branson,6,Bolivar,52
2015-08-28,Slater,6,Braymer with Breckenridge,29
2015-08-28,John F. Kennedy with Valley Park,18,Brentwood,54
2015-08-28,Highland,7,Brookfield,49
2015-08-28,Pleasant Hope,0,Buffalo,36
2015-08-28,Sherwood,6,Butler,46
2015-08-28,West Plains,13,Camdenton,12
2015-08-28,Mt. Vernon,14,Carl Junction,49
2015-08-28,Westran,26,Carrollton,0
2015-08-28,Willard,46,Central (Springfield),24
2015-08-28,Platte County,41,Central (St. Joseph),34
2015-08-28,Clark County,0,Centralia,40
2015-08-28,Hayti,36,Charleston,14
2015-08-28,Kirksville,6,Chillicothe,41
2015-08-28,Jefferson City,14,Christian Brothers College,49
2015-08-28,Odessa,41,Clinton,12
2015-08-28,North Shelby,14,Clopton with Elsberry,42
2015-08-28,Warsaw,0,Cole Camp,43
2015-08-28,Orrick,8,Concordia,22
2015-08-28,Kelly,33,Crystal City,65
2015-08-28,Hermann,40,Cuba,14
2015-08-28,Rock Bridge,47,De Smet Jesuit,17
2015-08-28,Jasper,20,Diamond,14
2015-08-28,Trinity Catholic,40,Duchesne,19
2015-08-28,South Harrison,18,East Buchanan,44
2015-08-28,Monett,42,East Newton,0
2015-08-28,Oakville,14,Eureka,18
2015-08-28,Cameron,7,Excelsior Springs,14
2015-08-28,North County,6,Farmington,34
2015-08-28,Riverview Gardens,12,Fox,33
2015-08-28,Nixa,0,Francis Howell,28
2015-08-28,Ft. Zumwalt East,7,Francis Howell North,23
2015-08-28,Ft. Zumwalt West,14,Ft. Zumwalt North,36
2015-08-28,Francis Howell Central,7,Ft. Zumwalt South,41
2015-08-28,Hillcrest,28,Glendale,62
2015-08-28,Benton,20,Grain Valley,15
2015-08-28,East Prairie,48,Grandview (Hillsboro),12
2015-08-28,Helias Catholic,35,Hannibal,49
2015-08-28,Fayette,41,Harrisburg,6
2015-08-28,Savannah,6,Harrisonville,34
2015-08-28,Lutheran South,42,Herculaneum,0
2015-08-28,Fredericktown,28,Hillsboro,53
2015-08-28,Cabool,13,Hollister,22
2015-08-28,St. James,35,Houston,36
2015-08-28,Vianney,52,Jackson,28
2015-08-28,Central (Park Hills),43,Jefferson (Festus),0
2015-08-28,Parkview,28,Joplin,29
2015-08-28,Liberty,14,Kearney,49
2015-08-28,Confluence Prep Academy Charter,14,Kennett,54
2015-08-28,Milan,12,King City with Union Star,14
2015-08-28,McCluer North,22,Kirkwood,35
2015-08-28,Scotland County,8,Knox County,22
2015-08-28,Carthage,36,Lafayette (St. Joseph),0
2015-08-28,Hazelwood Central,14,Lafayette (Wildwood),19
2015-08-28,Boonville,19,Lafayette County,47
2015-08-28,Seneca,6,Lamar,56
2015-08-28,Richmond,44,Lawson,32
2015-08-28,Hickman,7,Lee's Summit,20
2015-08-28,Winnetonka,0,Lee's Summit North,14
2015-08-28,Park Hill South,21,Lee's Summit West,34
2015-08-28,Trenton,19,Lexington,20
2015-08-28,Springfield Catholic,12,Liberty (Mountain View),49
2015-08-28,Blue Springs South,38,Liberty North,6
2015-08-28,Cardinal Ritter,44,Lift for Life Academy Charter,6
2015-08-28,Pattonville,44,Lindbergh,12
2015-08-28,Father Tolton,44,Lutheran St. Charles,46
2015-08-28,Caruthersville,28,Malden,29
2015-08-28,Willow Springs,7,Marionville,46
2015-08-28,Northwest (Cedar Hill),0,Marquette,42
2015-08-28,Smith-Cotton,41,Marshall,14
2015-08-28,Mid-Buchanan,42,Maysville,16
2015-08-28,Parkway North,33,McCluer,12
2015-08-28,California,0,Mexico,35
2015-08-28,Macon,26,Monroe City,22
2015-08-28,Winfield,48,Montgomery County,14
2015-08-28,Cassville,6,Mountain Grove,15
2015-08-28,Logan-Rogersville,0,Neosho with Neosho Christian,46
2015-08-28,Center,31,Nevada,7
2015-08-28,Tipton,8,North Callaway,22
2015-08-28,Belton,26,North Kansas City,7
2015-08-28,University Academy Charter,6,North Platte,14
2015-08-28,Grandview,38,Oak Park,0
2015-08-28,Moberly,0,Osage,14
2015-08-28,Appleton City with Montrose,22,Osceola,54
2015-08-28,Bowling Green,0,Palmyra,52
2015-08-28,Mark Twain,43,Paris,15
2015-08-28,Hazelwood West,7,Parkway South,14
2015-08-28,Ruskin,7,Pembroke Hill,24
2015-08-28,Gallatin,8,Penney,19
2015-08-28,St. Pius X (Festus),7,Perryville,56
2015-08-28,Liberal with Bronaugh,12,Pierce City,54
2015-08-28,Northeast (Kansas City),20,Plattsburg,26
2015-08-28,Warrensburg,39,Pleasant Hill,13
2015-08-28,Lathrop,45,Polo,48
2015-08-28,Dexter,14,Poplar Bluff,51
2015-08-28,Chaffee,14,Portageville,49
2015-08-28,Pacific,7,Potosi,27
2015-08-28,Putnam County,25,Princeton with Mercer,34
2015-08-28,Staley,35,Raymore-Peculiar,10
2015-08-28,Truman,25,Raytown South,22
2015-08-28,Salem,21,Reeds Spring,27
2015-08-28,Marshfield,0,Republic,47
2015-08-28,Lockwood with Golden City,48,Rich Hill with Hume,0
2015-08-28,Mehlville,7,Ritenour,51
2015-08-28,Kickapoo,43,Rolla,6
2015-08-28,Hallsville,37,Salisbury,0
2015-08-28,Crest Ridge,42,Santa Fe,14
2015-08-28,Marceline,63,Schuyler County,6
2015-08-28,St. Vincent,6,Scott City,33
2015-08-28,Rockwood Summit,52,Seckman,7
2015-08-28,Central (New Madrid County),6,Sikeston,55
2015-08-28,Fair Grove,21,Skyline,60
2015-08-28,Lutheran North,13,SLUH,48
2015-08-28,Louisiana,28,South Shelby,60
2015-08-28,South Callaway,0,Southern Boone,48
2015-08-28,Holden,28,Southwest Early College,20
2015-08-28,Windsor (Imperial),28,St. Charles,49
2015-08-28,Central (Cape Girardeau),33,St. Charles West,12
2015-08-28,Ozark,24,St. Clair,14
2015-08-28,Sweet Springs with Malta Bend,14,St. Paul Lutheran (Concordia),32
2015-08-28,Maryville,56,St. Pius X (Kansas City),7
2015-08-28,Valle Catholic,51,Ste. Genevieve,22
2015-08-28,Ash Grove,7,Stockton,21
2015-08-28,Strafford,16,Thayer,44
2015-08-28,Chaminade College Prep,48,Timberland,6
2015-08-28,Warrenton,37,Troy Buchanan,13
2015-08-28,St. Francis Borgia,31,Union,19
2015-08-28,Bishop LeBlond,31,Van Horn,20
2015-08-28,Missouri Military Academy,0,Van-Far with Community,40
2015-08-28,Festus,21,Veritas Christian Academy,40
2015-08-28,Fulton,56,Versailles,22
2015-08-28,Sullivan,26,Washington,21
2015-08-28,Lebanon,35,Waynesville,21
2015-08-28,Rockhurst,20,Webb City,49
2015-08-28,West Platte,28,Wellington-Napoleon,42
2015-08-28,Raytown,14,William Chrisman,34
2015-08-28,Orchard Farm,14,Wright City,12
2015-08-29,Cleveland NJROTC,24,Carnahan,26
2015-08-29,Southeast,20,East (Kansas City),40
2015-08-29,Webster Groves,13,Hazelwood East,12
2015-08-29,Eldon,46,Hogan Prep Academy Charter,66
2015-08-29,Ladue Horton Watkins,54,Jennings,13
2015-08-29,Roosevelt,8,John Burroughs,77
2015-08-29,University City,47,McCluer South-Berkeley,8
2015-08-29,Transportation and Law,6,MICDS,42
2015-08-29,Vashon,20,Miller Career Academy,0
2015-08-29,Parkway Central,49,Normandy Collaborative,8
2015-08-29,Smithville,6,Park Hill,35
2015-08-29,Sumner,39,Principia,8
2015-08-29,Webster Groves,34,Priory,37
2015-08-29,Gateway,18,Soldan International Studies,6
2015-08-29,Lone Jack,14,Summit Christian Academy,49
2015-08-29,St. Dominic,6,Westminster Christian Academy,42
2015-09-03,Sumner,6,Brentwood,55
2015-09-04,Lift for Life Academy Charter,20,Affton,50
2015-09-04,Rich Hill with Hume,28,Appleton City with Montrose,58
2015-09-04,Carl Junction,45,Aurora,14
2015-09-04,Park Hill,45,Belton,7
2015-09-04,Lafayette (St. Joseph),22,Benton,26
2015-09-04,Lutheran St. Charles,42,Bishop DuBourg,27
2015-09-04,Cameron,21,Bishop LeBlond,28
2015-09-04,Eldon,47,Blair Oaks,62
2015-09-04,Blue Springs South,27,Blue Springs,24
2015-09-04,Hannibal,51,Boonville,7
2015-09-04,North Callaway,10,Bowling Green,22
2015-09-04,Nixa,49,Branson,13
2015-09-04,Marceline,14,Brookfield,25
2015-09-04,Hollister,26,Buffalo,6
2015-09-04,Versailles,0,California,42
2015-09-04,Webster Groves,14,Cardinal Ritter,52
2015-09-04,Northwest (Cedar Hill),28,Carnahan,16
2015-09-04,Central (Springfield),18,Carthage,55
2015-09-04,Kennett,27,Caruthersville,26
2015-09-04,Perryville,26,Central (Park Hills),51
2015-09-04,Dexter,55,Charleston,8
2015-09-04,Maryville,54,Chillicothe,9
2015-09-04,Macon,6,Clark County,20
2015-09-04,Jennings,14,Clayton,40
2015-09-04,O'Hara,37,Clinton,14
2015-09-04,Chaminade College Prep,66,De Smet Jesuit,7
2015-09-04,North County,21,DeSoto with Kingston,14
2015-09-04,East Newton,0,Diamond,49
2015-09-04,Archie,14,Drexel with Miami (Amoret),50
2015-09-04,Ash Grove,31,El Dorado Springs,16
2015-09-04,Poplar Bluff,44,Farmington,30
2015-09-04,Knox County,32,Fayette,14
2015-09-04,Windsor (Imperial),14,Festus,27
2015-09-04,Lee's Summit,14,Fort Osage,28
2015-09-04,Fox,21,Francis Howell Central,7
2015-09-04,Ft. Zumwalt South,22,Francis Howell North,21
2015-09-04,Potosi,12,Fredericktown,7
2015-09-04,Francis Howell,51,Ft. Zumwalt East,0
2015-09-04,Christian Brothers College,48,Ft. Zumwalt West,14
2015-09-04,Missouri Military Academy,0,Fulton,69
2015-09-04,Polo,20,Gallatin,6
2015-09-04,Grain Valley,35,Grandview,22
2015-09-04,St. Pius X (Festus),33,Grandview (Hillsboro),14
2015-09-04,Putnam County,33,Harrisburg,16
2015-09-04,Bolivar,13,Harrisonville,37
2015-09-04,Chaffee,6,Hayti,62
2015-09-04,St. James,20,Hermann,42
2015-09-04,Jefferson City,56,Hickman,26
2015-09-04,Palmyra,48,Highland,6
2015-09-04,Waynesville,38,Hillcrest,20
2015-09-04,Trenton,20,Holden,16
2015-09-04,Timberland,35,Holt,0
2015-09-04,Salem,14,Houston,7
2015-09-04,Marquette,41,Jackson,21
2015-09-04,Pierce City,14,Jasper,27
2015-09-04,Herculaneum,8,Jefferson (Festus),45
2015-09-04,Father Tolton,44,John F. Kennedy with Valley Park,6
2015-09-04,Liberty North,21,Kearney,10
2015-09-04,Joplin,28,Kickapoo,55
2015-09-04,Moberly,16,Kirksville,0
2015-09-04,Summit Christian Academy,43,Knob Noster,0
2015-09-04,Kirkwood,28,Lafayette (Wildwood),10
2015-09-04,Central (Kansas City),8,Lafayette County,47
2015-09-04,Penney,34,Lathrop,31
2015-09-04,Camdenton,7,Lebanon,21
2015-09-04,Winnetonka,7,Lee's Summit West,35
2015-09-04,Raymore-Peculiar,26,Liberty,22
2015-09-04,Orchard Farm,33,Liberty (Wentzville),20
2015-09-04,Osceola,15,Lincoln,50
2015-09-04,Cole Camp,7,Lockwood with Golden City,48
2015-09-04,Crest Ridge,63,Lone Jack,8
2015-09-04,Centralia,72,Louisiana,19
2015-09-04,Portageville,8,Malden,62
2015-09-04,Van-Far with Community,0,Mark Twain,41
2015-09-04,Reeds Spring,29,Marshfield,20
2015-09-04,Braymer with Breckenridge,12,Maysville,30
2015-09-04,Normandy Collaborative,22,McCluer,25
2015-09-04,Cassville,42,McDonald County,14
2015-09-04,Lindbergh,21,Mehlville,41
2015-09-04,Marshall,0,Mexico,36
2015-09-04,North Platte,14,Mid-Buchanan,20
2015-09-04,Adrian,14,Midway,20
2015-09-04,Lamar,29,Monett,12
2015-09-04,South Shelby,31,Monroe City,28
2015-09-04,Wright City,52,Montgomery County,7
2015-09-04,Ava,14,Mountain Grove,46
2015-09-04,Seneca,14,Mt. Vernon,26
2015-09-04,Willard,41,Neosho with Neosho Christian,38
2015-09-04,Lee's Summit North,42,North Kansas City,6
2015-09-04,Lexington,51,Northeast (Kansas City),0
2015-09-04,Lincoln College Prep,14,Oak Grove,50
2015-09-04,Hazelwood East,34,Oakville,21
2015-09-04,Carrollton,0,Odessa,65
2015-09-04,Cuba,28,Owensville,55
2015-09-04,Republic,46,Ozark,14
2015-09-04,St. Clair,41,Pacific,7
2015-09-04,North Shelby,0,Paris,61
2015-09-04,Raytown South,28,Park Hill South,14
2015-09-04,Rolla,18,Parkview,28
2015-09-04,Parkway North,35,Parkway Central,10
2015-09-04,Webster Groves,19,Parkway South,13
2015-09-04,Hazelwood West,14,Pattonville,55
2015-09-04,Center,38,Pembroke Hill,0
2015-09-04,Ruskin,12,Platte County,52
2015-09-04,Lawson,41,Plattsburg,14
2015-09-04,Fair Grove,65,Pleasant Hope,12
2015-09-04,Oak Park,0,Raytown,17
2015-09-04,Excelsior Springs,47,Richmond,13
2015-09-04,Battle,27,Rock Bridge,20
2015-09-04,Schuyler County,6,Salisbury,14
2015-09-04,Miller with Everton,20,Sarcoxie,21
2015-09-04,Smithville,31,Savannah,0
2015-09-04,East Prairie,40,Scott City,34
2015-09-04,Van Horn,43,Sherwood,0
2015-09-04,Central (Cape Girardeau),19,Sikeston,23
2015-09-04,Milan,48,Slater,0
2015-09-04,Clopton with Elsberry,8,South Callaway,53
2015-09-04,Princeton with Mercer,22,South Harrison,55
2015-09-04,Hallsville,20,Southern Boone,17
2015-09-04,Logan-Rogersville,6,Springfield Catholic,0
2015-09-04,St. Charles West,33,St. Charles,32
2015-09-04,Duchesne,27,St. Dominic,46
2015-09-04,Miller Career Academy,42,St. Francis Borgia,35
2015-09-04,Orrick,8,St. Paul Lutheran (Concordia),42
2015-09-04,Nevada,23,St. Pius X (Kansas City),16
2015-09-04,Kelly,19,St. Vincent,38
2015-09-04,William Chrisman,12,Staley,40
2015-09-04,Central (New Madrid County),6,Ste. Genevieve,48
2015-09-04,Skyline,53,Stockton,26
2015-09-04,Marionville,28,Strafford,6
2015-09-04,Union,7,Sullivan,33
2015-09-04,Concordia,22,Sweet Springs with Malta Bend,20
2015-09-04,Liberty (Mountain View),19,Thayer,3
2015-09-04,Veritas Christian Academy,20,Trinity Catholic,46
2015-09-04,Ft. Zumwalt North,48,Troy Buchanan,0
2015-09-04,Central (St. Joseph),32,Truman,35
2015-09-04,McCluer North,28,University City,34
2015-09-04,SLUH,49,Vianney,41
2015-09-04,Smith-Cotton,35,Warrensburg,23
2015-09-04,Washington,62,Warrenton,35
2015-09-04,Osage,42,Warsaw,13
2015-09-04,Santa Fe,12,Wellington-Napoleon,42
2015-09-04,Glendale,58,West Plains,71
2015-09-04,East Buchanan,54,West Platte,8
2015-09-04,Cabool,15,Willow Springs,39
2015-09-04,Tipton,32,Windsor,20
2015-09-05,Hogan Prep Academy Charter,54,East (Kansas City),20
2015-09-05,Confluence Prep Academy Charter,0,Gateway,38
2015-09-05,Eureka,37,Hazelwood Central,29
2015-09-05,Seckman,21,Hillsboro,57
2015-09-05,Priory,14,John Burroughs,48
2015-09-05,McCluer South-Berkeley,12,Ladue Horton Watkins,44
2015-09-05,Lutheran South,7,MICDS,10
2015-09-05,Crystal City,30,Principia,0
2015-09-05,Parkway West,7,Rockwood Summit,35
2015-09-05,Roosevelt,14,Transportation and Law,33
2015-09-05,Southeast,12,University Academy Charter,56
2015-09-05,Cleveland NJROTC,0,Vashon,67
2015-09-05,Lutheran North,6,Westminster Christian Academy,35
2015-09-05,Valle Catholic,69,Westran,7
2015-09-10,Staley,21,Liberty North,0
2015-09-10,Pembroke Hill,20,Northeast (Kansas City),7
2015-09-11,Jennings,0,Affton,35
2015-09-11,Midway,34,Appleton City with Montrose,0
2015-09-11,Slater,0,Archie,54
2015-09-11,Grandview,26,Belton,42
2015-09-11,John F. Kennedy with Valley Park,8,Bishop DuBourg,56
2015-09-11,Raymore-Peculiar,0,Blue Springs South,28
2015-09-11,Hollister,0,Bolivar,74
2015-09-11,Neosho with Neosho Christian,35,Branson,6
2015-09-11,King City with Union Star,50,Braymer with Breckenridge,20
2015-09-11,Orchard Farm,7,Brentwood,39
2015-09-11,Van Horn,20,Butler,47
2015-09-11,Houston,21,Cabool,7
2015-09-11,Kickapoo,41,Camdenton,12
2015-09-11,Chillicothe,33,Cameron,0
2015-09-11,Veritas Christian Academy,14,Cardinal Ritter,48
2015-09-11,Lift for Life Academy Charter,20,Carnahan,0
2015-09-11,Salisbury,7,Carrollton,30
2015-09-11,Ozark,28,Carthage,66
2015-09-11,Charleston,6,Caruthersville,51
2015-09-11,Lincoln College Prep,14,Center,55
2015-09-11,Poplar Bluff,23,Central (Cape Girardeau),42
2015-09-11,Northwest (Cedar Hill),12,Central (Park Hills),50
2015-09-11,Carl Junction,61,Central (Springfield),24
2015-09-11,Blue Springs,31,Central (St. Joseph),49
2015-09-11,Brookfield,12,Centralia,13
2015-09-11,Vianney,0,Christian Brothers College,63
2015-09-11,Scotland County,0,Clark County,42
2015-09-11,McCluer South-Berkeley,28,Clayton,48
2015-09-11,Mark Twain,50,Clopton with Elsberry,14
2015-09-11,St. Paul Lutheran (Concordia),42,Concordia,0
2015-09-11,Festus,17,DeSoto with Kingston,6
2015-09-11,Sikeston,62,Dexter,14
2015-09-11,Osceola,24,Drexel with Miami (Amoret),26
2015-09-11,Webster Groves,13,Duchesne,28
2015-09-11,Plattsburg,34,East Buchanan,60
2015-09-11,Hayti,45,East Prairie,16
2015-09-11,California,34,Eldon,23
2015-09-11,Ft. Zumwalt East,14,Eureka,34
2015-09-11,Battle,38,Excelsior Springs,7
2015-09-11,Springfield Catholic,13,Fair Grove,28
2015-09-11,Jackson,35,Farmington,29
2015-09-11,North Kansas City,7,Fort Osage,42
2015-09-11,Oakville,22,Fox,13
2015-09-11,Francis Howell North,14,Francis Howell,49
2015-09-11,Troy Buchanan,14,Francis Howell Central,31
2015-09-11,Lebanon,39,Glendale,30
2015-09-11,Boonville,4,Grain Valley,44
2015-09-11,Blair Oaks,48,Hallsville,0
2015-09-11,Mexico,21,Hannibal,28
2015-09-11,St. Vincent,27,Herculaneum,12
2015-09-11,West Plains,51,Hillcrest,14
2015-09-11,Odessa,40,Holden,0
2015-09-11,Ft. Zumwalt South,56,Holt,31
2015-09-11,De Smet Jesuit,21,Jefferson City,59
2015-09-11,Rolla,15,Joplin,47
2015-09-11,Confluence Prep Academy Charter,46,Kelly,7
2015-09-11,Central (New Madrid County),7,Kennett,66
2015-09-11,El Dorado Springs,68,Knob Noster,14
2015-09-11,Paris,28,Knox County,36
2015-09-11,Savannah,26,Lafayette (St. Joseph),27
2015-09-11,Cassville,6,Lamar,38
2015-09-11,Lee's Summit,32,Lee's Summit North,27
2015-09-11,Wellington-Napoleon,0,Lexington,37
2015-09-11,Sarcoxie,36,Liberal with Bronaugh,44
2015-09-11,Ava,25,Liberty (Mountain View),40
2015-09-11,Hermann,40,Liberty (Wentzville),6
2015-09-11,Parkway South,10,Lindbergh,24
2015-09-11,Marshfield,42,Logan-Rogersville,8
2015-09-11,Monroe City,64,Louisiana,34
2015-09-11,John Burroughs,35,Lutheran South,14
2015-09-11,Trinity Catholic,33,Lutheran St. Charles,27
2015-09-11,Highland,6,Macon,47
2015-09-11,Ash Grove,13,Marionville,30
2015-09-11,Lafayette (Wildwood),27,Marquette,20
2015-09-11,Kirksville,12,Marshall,28
2015-09-11,Bishop LeBlond,8,Maryville,35
2015-09-11,East Newton,6,McDonald County,41
2015-09-11,Seckman,21,Mehlville,14
2015-09-11,North Shelby,6,Milan,41
2015-09-11,Jasper,57,Miller with Everton,6
2015-09-11,Normandy Collaborative,0,Miller Career Academy,38
2015-09-11,Grandview (Hillsboro),24,Missouri Military Academy,38
2015-09-11,Fulton,35,Moberly,6
2015-09-11,Mt. Vernon,7,Monett,41
2015-09-11,Montgomery County,0,North Callaway,43
2015-09-11,Hillsboro,43,North County,7
2015-09-11,Lawson,42,North Platte,14
2015-09-11,Nevada,26,O'Hara,54
2015-09-11,Crest Ridge,63,Orrick,8
2015-09-11,South Shelby,6,Palmyra,16
2015-09-11,Liberty,10,Park Hill,20
2015-09-11,Ladue Horton Watkins,21,Parkway Central,27
2015-09-11,Rockwood Summit,34,Parkway North,14
2015-09-11,University City,38,Parkway West,0
2015-09-11,Ritenour,20,Pattonville,14
2015-09-11,Mid-Buchanan,13,Penney,35
2015-09-11,Fredericktown,13,Perryville,18
2015-09-11,Diamond,28,Pierce City,0
2015-09-11,Park Hill South,7,Platte County,37
2015-09-11,Skyline,68,Pleasant Hope,6
2015-09-11,Ste. Genevieve,41,Potosi,19
2015-09-11,Gallatin,24,Princeton with Mercer,6
2015-09-11,Marceline,58,Putnam County,0
2015-09-11,Kearney,53,Raytown South,15
2015-09-11,Buffalo,0,Reeds Spring,46
2015-09-11,Adrian,33,Rich Hill with Hume,12
2015-09-11,Harrisonville,42,Richmond,12
2015-09-11,Lee's Summit West,27,Rock Bridge,19
2015-09-11,Thayer,29,Salem,14
2015-09-11,Lone Jack,26,Santa Fe,44
2015-09-11,Malden,51,Scott City,8
2015-09-11,Aurora,50,Seneca,8
2015-09-11,Chaminade College Prep,41,SLUH,27
2015-09-11,Pleasant Hill,13,Smith-Cotton,31
2015-09-11,Benton,7,Smithville,38
2015-09-11,Polo,50,South Harrison,44
2015-09-11,Osage,22,Southern Boone,37
2015-09-11,Sullivan,13,St. Clair,34
2015-09-11,St. Dominic,14,St. Francis Borgia,27
2015-09-11,Owensville,58,St. James,64
2015-09-11,Jefferson (Festus),57,St. Pius X (Festus),31
2015-09-11,Clinton,13,St. Pius X (Kansas City),6
2015-09-11,Strafford,24,Stockton,26
2015-09-11,Ft. Zumwalt West,45,Timberland,28
2015-09-11,Harrisburg,0,Tipton,48
2015-09-11,Lafayette County,45,Trenton,13
2015-09-11,Ruskin,12,Truman,35
2015-09-11,Pacific,6,Union,23
2015-09-11,Crystal City,7,Valle Catholic,76
2015-09-11,South Callaway,34,Van-Far with Community,32
2015-09-11,Oak Grove,56,Warrensburg,16
2015-09-11,St. Charles,20,Warrenton,21
2015-09-11,Versailles,46,Warsaw,14
2015-09-11,Ft. Zumwalt North,57,Washington,20
2015-09-11,Parkview,14,Waynesville,21
2015-09-11,Republic,18,Webb City,36
2015-09-11,Lathrop,27,West Platte,21
2015-09-11,Schuyler County,6,Westran,54
2015-09-11,Nixa,55,Willard,13
2015-09-11,Mountain Grove,40,Willow Springs,6
2015-09-11,Lincoln,46,Windsor,0
2015-09-11,Cuba,20,Windsor (Imperial),35
2015-09-11,St. Charles West,56,Winfield,32
2015-09-11,Raytown,30,Winnetonka,0
2015-09-11,Bowling Green,0,Wright City,14
2015-09-12,University Academy Charter,48,Central (Kansas City),6
2015-09-12,Fayette,18,Cole Camp,35
2015-09-12,McCluer,6,Hazelwood Central,53
2015-09-12,McCluer North,16,Hazelwood East,40
2015-09-12,Riverview Gardens,16,Hazelwood West,46
2015-09-12,Hickman,6,Helias Catholic,39
2015-09-12,Westminster Christian Academy,28,MICDS,20
2015-09-12,William Chrisman,26,Oak Park,6
2015-09-12,Lutheran North,50,Priory,0
2015-09-12,Gateway,47,Roosevelt,0
2015-09-12,Sumner,0,Soldan International Studies,40
2015-09-12,Hogan Prep Academy Charter,56,Southwest Early College,12
2015-09-12,Sherwood,0,Summit Christian Academy,49
2015-09-14,Principia,7,Barat Academy,0
2015-09-17,Buffalo,0,Central (Springfield),56
2015-09-17,Glendale,20,Kickapoo,63
2015-09-17,University Academy Charter,32,Lincoln College Prep,41
2015-09-18,Archie,7,Adrian,38
2015-09-18,St. James,14,Ash Grove,28
2015-09-18,Salem,21,Ava,26
2015-09-18,Helias Catholic,27,Battle,28
2015-09-18,Oak Park,29,Belton,42
2015-09-18,Southern Boone,26,Blair Oaks,61
2015-09-18,Clopton with Elsberry,52,Bowling Green,84
2015-09-18,Louisiana,0,Brookfield,62
2015-09-18,Lamar,56,Butler,22
2015-09-18,Hallsville,0,California,28
2015-09-18,St. Francis Borgia,32,Cardinal Ritter,56
2015-09-18,McDonald County,0,Carl Junction,41
2015-09-18,Neosho with Neosho Christian,19,Carthage,20
2015-09-18,Monett,34,Cassville,6
2015-09-18,St. Pius X (Kansas City),0,Center,35
2015-09-18,Ladue Horton Watkins,38,Central (Cape Girardeau),35
2015-09-18,O'Hara,56,Central (Kansas City),8
2015-09-18,Charleston,12,Central (New Madrid County),48
2015-09-18,Scott City,28,Chaffee,14
2015-09-18,Christian Brothers College,55,Chaminade College Prep,7
2015-09-18,Bishop LeBlond,7,Chillicothe,28
2015-09-18,Palmyra,30,Clark County,8
2015-09-18,University City,14,Clayton,21
2015-09-18,Warrensburg,30,Clinton,40
2015-09-18,Wellington-Napoleon,42,Crest Ridge,14
2015-09-18,Brentwood,53,Cuba,0
2015-09-18,SLUH,63,De Smet Jesuit,13
2015-09-18,Caruthersville,35,Dexter,28
2015-09-18,Lockwood with Golden City,41,Diamond,0
2015-09-18,Malden,38,East Prairie,20
2015-09-18,Warsaw,7,Eldon,65
2015-09-18,Stockton,0,Fair Grove,40
2015-09-18,Tipton,0,Father Tolton,47
2015-09-18,Hillsboro,44,Festus,28
2015-09-18,Francis Howell Central,14,Francis Howell North,35
2015-09-18,Ste. Genevieve,35,Fredericktown,7
2015-09-18,Ft. Zumwalt East,21,Ft. Zumwalt North,28
2015-09-18,Washington,35,Ft. Zumwalt South,34
2015-09-18,Francis Howell,34,Ft. Zumwalt West,3
2015-09-18,Marshall,35,Fulton,53
2015-09-18,South Harrison,41,Gallatin,8
2015-09-18,Transportation and Law,0,Gateway,50
2015-09-18,Liberty North,28,Grandview,0
2015-09-18,Valle Catholic,69,Grandview (Hillsboro),0
2015-09-18,Excelsior Springs,7,Harrisonville,31
2015-09-18,Owensville,27,Hermann,12
2015-09-18,Rock Bridge,22,Hickman,0
2015-09-18,Monroe City,12,Highland,42
2015-09-18,Lexington,12,Holden,7
2015-09-18,Springfield Catholic,41,Hollister,8
2015-09-18,Liberal with Bronaugh,14,Jasper,53
2015-09-18,Crystal City,8,Jefferson (Festus),32
2015-09-18,Hannibal,76,Kirksville,0
2015-09-18,Parkway North,14,Kirkwood,31
2015-09-18,Carrollton,38,Knob Noster,14
2015-09-18,Milan,0,Knox County,36
2015-09-18,Lindbergh,6,Lafayette (Wildwood),35
2015-09-18,Lathrop,7,Lawson,14
2015-09-18,Hillcrest,18,Lebanon,40
2015-09-18,Blue Springs,32,Lee's Summit,29
2015-09-18,Lee's Summit North,13,Lee's Summit West,9
2015-09-18,Truman,36,Liberty,15
2015-09-18,Willow Springs,14,Liberty (Mountain View),57
2015-09-18,Confluence Prep Academy Charter,26,Liberty (Wentzville),28
2015-09-18,Sarcoxie,14,Lincoln,54
2015-09-18,St. Paul Lutheran (Concordia),36,Lone Jack,0
2015-09-18,John F. Kennedy with Valley Park,6,Lutheran St. Charles,35
2015-09-18,Salisbury,0,Marceline,44
2015-09-18,North Callaway,12,Mark Twain,49
2015-09-18,Mehlville,0,Marquette,52
2015-09-18,Bolivar,53,Marshfield,0
2015-09-18,Cameron,0,Maryville,63
2015-09-18,King City with Union Star,26,Maysville,8
2015-09-18,Boonville,0,Mexico,47
2015-09-18,East Buchanan,38,Mid-Buchanan,0
2015-09-18,Drexel with Miami (Amoret),0,Midway,40
2015-09-18,Pierce City,46,Miller with Everton,24
2015-09-18,Macon,14,Moberly,28
2015-09-18,Van-Far with Community,26,Montgomery County,7
2015-09-18,Cabool,7,Mountain Grove,41
2015-09-18,Smith-Cotton,16,Nevada,13
2015-09-18,Webb City,31,Nixa,16
2015-09-18,Duchesne,14,North County,20
2015-09-18,West Platte,48,North Platte,14
2015-09-18,Odessa,21,Oak Grove,14
2015-09-18,Northwest (Cedar Hill),7,Oakville,28
2015-09-18,Winfield,20,Orchard Farm,48
2015-09-18,Sweet Springs with Malta Bend,20,Orrick,6
2015-09-18,Rich Hill with Hume,3,Osceola,42
2015-09-18,Willard,34,Ozark,21
2015-09-18,Sullivan,27,Pacific,30
2015-09-18,Westran,14,Paris,12
2015-09-18,Park Hill,29,Park Hill South,3
2015-09-18,Camdenton,34,Parkview,27
2015-09-18,Eureka,30,Parkway South,0
2015-09-18,Parkway Central,38,Parkway West,7
2015-09-18,Trenton,13,Pembroke Hill,6
2015-09-18,Plattsburg,12,Penney,29
2015-09-18,Affton,48,Perryville,0
2015-09-18,Grain Valley,12,Pleasant Hill,15
2015-09-18,Princeton with Mercer,8,Polo,26
2015-09-18,Jackson,50,Poplar Bluff,48
2015-09-18,Hayti,33,Portageville,27
2015-09-18,Central (Park Hills),25,Potosi,7
2015-09-18,Central (St. Joseph),17,Raymore-Peculiar,36
2015-09-18,Raytown,14,Raytown South,17
2015-09-18,Logan-Rogersville,6,Reeds Spring,57
2015-09-18,Branson,20,Republic,42
2015-09-18,Lafayette County,40,Richmond,16
2015-09-18,Blue Springs South,37,Rockhurst,27
2015-09-18,Waynesville,14,Rolla,40
2015-09-18,Kearney,62,Ruskin,6
2015-09-18,Concordia,14,Santa Fe,44
2015-09-18,Benton,13,Savannah,24
2015-09-18,Putnam County,0,Schuyler County,16
2015-09-18,North Shelby,14,Scotland County,50
2015-09-18,Fox,35,Seckman,0
2015-09-18,East Newton,0,Seneca,44
2015-09-18,Farmington,21,Sikeston,28
2015-09-18,Summit Christian Academy,18,Skyline,55
2015-09-18,Fayette,36,Slater,0
2015-09-18,Lafayette (St. Joseph),7,Smithville,35
2015-09-18,Wright City,7,South Callaway,18
2015-09-18,Centralia,35,South Shelby,0
2015-09-18,Warrenton,13,St. Charles West,41
2015-09-18,Union,7,St. Clair,49
2015-09-18,Herculaneum,26,St. Pius X (Festus),36
2015-09-18,Fort Osage,17,Staley,14
2015-09-18,Pleasant Hope,0,Strafford,66
2015-09-18,Houston,7,Thayer,64
2015-09-18,St. Charles,35,Trinity Catholic,39
2015-09-18,Timberland,41,Troy Buchanan,0
2015-09-18,Bishop DuBourg,35,Veritas Christian Academy,50
2015-09-18,Osage,42,Versailles,6
2015-09-18,Holt,17,Vianney,63
2015-09-18,Pattonville,40,Webster Groves,0
2015-09-18,Joplin,21,West Plains,28
2015-09-18,North Kansas City,14,William Chrisman,12
2015-09-18,DeSoto with Kingston,30,Windsor (Imperial),23
2015-09-18,Platte County,36,Winnetonka,0
2015-09-19,Harrisburg,32,Barat Academy,35
2015-09-19,Sumner,12,Cleveland NJROTC,8
2015-09-19,McCluer North,40,Hazelwood West,8
2015-09-19,Normandy Collaborative,21,Jennings,52
2015-09-19,Lutheran North,12,John Burroughs,53
2015-09-19,Hazelwood East,42,McCluer,6
2015-09-19,Priory,19,MICDS,38
2015-09-19,Aurora,49,Mt. Vernon,14
2015-09-19,Hogan Prep Academy Charter,42,Northeast (Kansas City),0
2015-09-19,Missouri Military Academy,2,Principia,28
2015-09-19,Rockwood Summit,35,Ritenour,28
2015-09-19,Hazelwood Central,30,Riverview Gardens,8
2015-09-19,Miller Career Academy,34,Soldan International Studies,36
2015-09-19,Southwest Early College,24,Southeast,20
2015-09-19,St. Dominic,34,Webster Groves,20
2015-09-19,East (Kansas City),26,Van Horn,47
2015-09-19,Roosevelt,0,Vashon,42
2015-09-19,Lutheran South,14,Westminster Christian Academy,49
2015-09-21,Cole Camp,16,Sherwood,13
2015-09-24,Parkview,56,Glendale,44
2015-09-24,Lincoln College Prep,42,Northeast (Kansas City),0
2015-09-25,McCluer South-Berkeley,12,Affton,30
2015-09-25,Adrian,42,Appleton City with Montrose,34
2015-09-25,Skyline,45,Ash Grove,7
2015-09-25,Monett,13,Aurora,6
2015-09-25,Hickman,6,Battle,64
2015-09-25,Maryville,56,Benton,6
2015-09-25,Webster Groves,69,Bishop DuBourg,21
2015-09-25,Smithville,35,Bishop LeBlond,7
2015-09-25,Rockhurst,39,Blue Springs,21
2015-09-25,Raytown,16,Blue Springs South,51
2015-09-25,Kirksville,15,Boonville,17
2015-09-25,Ozark,7,Branson,41
2015-09-25,Bolivar,68,Buffalo,6
2015-09-25,Thayer,43,Cabool,0
2015-09-25,Southern Boone,12,California,20
2015-09-25,Rolla,15,Camdenton,43
2015-09-25,Savannah,32,Cameron,0
2015-09-25,Miller Career Academy,38,Carnahan,8
2015-09-25,Richmond,45,Carrollton,8
2015-09-25,Carl Junction,58,Cassville,14
2015-09-25,Caruthersville,49,Central (New Madrid County),14
2015-09-25,Mexico,27,Centralia,0
2015-09-25,Vianney,15,Chaminade College Prep,55
2015-09-25,Lafayette (St. Joseph),15,Chillicothe,23
2015-09-25,De Smet Jesuit,3,Christian Brothers College,66
2015-09-25,Center,40,Clinton,7
2015-09-25,Montgomery County,63,Clopton with Elsberry,77
2015-09-25,Windsor,6,Cole Camp,7
2015-09-25,Barat Academy,20,Confluence Prep Academy Charter,59
2015-09-25,St. Vincent,23,Crystal City,22
2015-09-25,Liberty (Wentzville),32,Cuba,24
2015-09-25,Lawson,42,East Buchanan,56
2015-09-25,Mt. Vernon,56,East Newton,0
2015-09-25,Chaffee,22,East Prairie,36
2015-09-25,University Academy Charter,24,El Dorado Springs,14
2015-09-25,Normandy Collaborative,6,Farmington,42
2015-09-25,St. Pius X (Festus),7,Father Tolton,34
2015-09-25,Paris,30,Fayette,12
2015-09-25,William Chrisman,21,Fort Osage,35
2015-09-25,Ft. Zumwalt West,47,Francis Howell Central,24
2015-09-25,DeSoto with Kingston,23,Fredericktown,17
2015-09-25,Ft. Zumwalt North,63,Ft. Zumwalt South,27
2015-09-25,Harrisonville,34,Grain Valley,7
2015-09-25,Fulton,13,Hannibal,62
2015-09-25,Missouri Military Academy,34,Harrisburg,50
2015-09-25,Grandview (Hillsboro),26,Herculaneum,41
2015-09-25,Clark County,49,Highland,28
2015-09-25,Kickapoo,42,Hillcrest,14
2015-09-25,Windsor (Imperial),14,Hillsboro,50
2015-09-25,Marshfield,34,Hollister,6
2015-09-25,Ft. Zumwalt East,54,Holt,21
2015-09-25,Ava,28,Houston,14
2015-09-25,Central (Cape Girardeau),48,Jackson,35
2015-09-25,Stockton,19,Jasper,28
2015-09-25,Trinity Catholic,36,John F. Kennedy with Valley Park,22
2015-09-25,Waynesville,25,Joplin,55
2015-09-25,Winnetonka,7,Kearney,60
2015-09-25,Charleston,18,Kelly,48
2015-09-25,Dexter,38,Kennett,35
2015-09-25,Gallatin,28,King City with Union Star,34
2015-09-25,Holden,28,Lafayette County,61
2015-09-25,McDonald County,0,Lamar,73
2015-09-25,North Platte,0,Lathrop,30
2015-09-25,Raymore-Peculiar,14,Lee's Summit North,20
2015-09-25,Lee's Summit,14,Lee's Summit West,34
2015-09-25,Knob Noster,0,Lexington,76
2015-09-25,Miller with Everton,42,Liberal with Bronaugh,18
2015-09-25,Central (St. Joseph),43,Liberty,42
2015-09-25,Tipton,6,Lincoln,42
2015-09-25,Marquette,42,Lindbergh,0
2015-09-25,Pierce City,14,Lockwood with Golden City,49
2015-09-25,Central (Springfield),59,Logan-Rogersville,12
2015-09-25,Orrick,8,Lone Jack,44
2015-09-25,Palmyra,66,Louisiana,14
2015-09-25,South Shelby,12,Macon,32
2015-09-25,Hayti,18,Malden,38
2015-09-25,Pleasant Hope,8,Marionville,61
2015-09-25,Moberly,25,Marshall,28
2015-09-25,Polo,66,Maysville,60
2015-09-25,Fox,34,Mehlville,14
2015-09-25,Butler,36,Midway,20
2015-09-25,Scotland County,28,Milan,12
2015-09-25,Brookfield,47,Monroe City,8
2015-09-25,Liberty (Mountain View),28,Mountain Grove,12
2015-09-25,Nixa,28,Neosho with Neosho Christian,35
2015-09-25,South Callaway,20,North Callaway,12
2015-09-25,Festus,28,North County,20
2015-09-25,Staley,39,North Kansas City,0
2015-09-25,Schuyler County,48,North Shelby,0
2015-09-25,Seckman,14,Northwest (Cedar Hill),35
2015-09-25,Liberty North,41,Oak Park,6
2015-09-25,Lafayette (Wildwood),44,Oakville,27
2015-09-25,Excelsior Springs,20,Odessa,67
2015-09-25,St. Charles West,50,Orchard Farm,29
2015-09-25,Blair Oaks,51,Osage,22
2015-09-25,Archie,7,Osceola,35
2015-09-25,Pacific,33,Owensville,48
2015-09-25,Ruskin,0,Park Hill,61
2015-09-25,Parkway North,24,Pattonville,7
2015-09-25,Hogan Prep Academy Charter,49,Pembroke Hill,8
2015-09-25,Potosi,28,Perryville,26
2015-09-25,Belton,50,Platte County,24
2015-09-25,Mid-Buchanan,20,Plattsburg,14
2015-09-25,Oak Grove,49,Pleasant Hill,14
2015-09-25,Sikeston,16,Poplar Bluff,26
2015-09-25,Trenton,48,Princeton with Mercer,16
2015-09-25,Knox County,32,Putnam County,0
2015-09-25,Grandview,49,Raytown South,20
2015-09-25,Springfield Catholic,6,Reeds Spring,42
2015-09-25,Carthage,34,Republic,7
2015-09-25,Drexel with Miami (Amoret),24,Rich Hill with Hume,43
2015-09-25,Jefferson City,31,Rock Bridge,21
2015-09-25,Kirkwood,26,Rockwood Summit,13
2015-09-25,Willow Springs,14,Salem,40
2015-09-25,Slater,6,Salisbury,62
2015-09-25,Diamond,34,Sarcoxie,7
2015-09-25,Portageville,38,Scott City,30
2015-09-25,Nevada,33,Seneca,12
2015-09-25,Parkway South,3,SLUH,42
2015-09-25,O'Hara,21,Smith-Cotton,26
2015-09-25,Braymer with Breckenridge,26,South Harrison,54
2015-09-25,St. James,27,St. Clair,47
2015-09-25,Cardinal Ritter,26,St. Dominic,20
2015-09-25,Duchesne,0,St. Francis Borgia,37
2015-09-25,Crest Ridge,26,St. Paul Lutheran (Concordia),15
2015-09-25,Central (Park Hills),21,Ste. Genevieve,40
2015-09-25,Fair Grove,21,Strafford,18
2015-09-25,Hermann,14,Sullivan,21
2015-09-25,Santa Fe,48,Sweet Springs with Malta Bend,26
2015-09-25,Francis Howell,28,Timberland,13
2015-09-25,Park Hill South,21,Truman,27
2015-09-25,Jefferson (Festus),6,Valle Catholic,63
2015-09-25,Summit Christian Academy,42,Van Horn,14
2015-09-25,Bowling Green,50,Van-Far with Community,36
2015-09-25,Lutheran St. Charles,21,Veritas Christian Academy,20
2015-09-25,Eldon,52,Versailles,14
2015-09-25,St. Pius X (Kansas City),35,Warrensburg,31
2015-09-25,Parkway West,42,Warrenton,7
2015-09-25,Hallsville,43,Warsaw,24
2015-09-25,Union,28,Washington,49
2015-09-25,Willard,0,Webb City,42
2015-09-25,Ritenour,41,Webster Groves,14
2015-09-25,Concordia,20,Wellington-Napoleon,60
2015-09-25,Lebanon,10,West Plains,34
2015-09-25,Penney,35,West Platte,8
2015-09-25,Marceline,41,Westran,20
2015-09-25,Mark Twain,44,Wright City,42
2015-09-26,Central (Kansas City),24,East (Kansas City),48
2015-09-26,Sumner,0,Gateway,46
2015-09-26,McCluer North,12,Hazelwood Central,26
2015-09-26,Hazelwood West,8,Hazelwood East,46
2015-09-26,MICDS,7,John Burroughs,35
2015-09-26,Clayton,25,Ladue Horton Watkins,41
2015-09-26,Lutheran South,65,Lutheran North,72
2015-09-26,Brentwood,52,Principia,0
2015-09-26,Westminster Christian Academy,49,Priory,21
2015-09-26,McCluer,6,Riverview Gardens,0
2015-09-26,Lift for Life Academy Charter,32,Roosevelt,22
2015-09-26,Cleveland NJROTC,36,Transportation and Law,6
2015-09-26,Francis Howell North,42,Troy Buchanan,7
2015-09-26,Parkway Central,21,University City,13
2015-09-26,Soldan International Studies,14,Vashon,50
2015-09-26,St. Charles,43,Winfield,24
2015-10-01,Northeast (Kansas City),14,Central (Kansas City),40
2015-10-01,University City,27,Chaminade College Prep,43
2015-10-01,Hillcrest,0,Parkview,28
2015-10-01,O'Hara,38,St. Pius X (Kansas City),3
2015-10-02,Osceola,7,Adrian,0
2015-10-02,Appleton City with Montrose,26,Archie,29
2015-10-02,Pleasant Hope,0,Ash Grove,62
2015-10-02,Thayer,35,Ava,20
2015-10-02,Raytown South,51,Belton,54
2015-10-02,Bishop LeBlond,0,Benton,34
2015-10-02,California,15,Blair Oaks,42
2015-10-02,Lee's Summit West,21,Blue Springs South,27
2015-10-02,Logan-Rogersville,0,Bolivar,69
2015-10-02,Polo,68,Braymer with Breckenridge,32
2015-10-02,Lift for Life Academy Charter,12,Brentwood,60
2015-10-02,Macon,6,Brookfield,26
2015-10-02,Liberty (Mountain View),46,Cabool,8
2015-10-02,Sumner,32,Carnahan,28
2015-10-02,Branson,6,Carthage,41
2015-10-02,Kelly,0,Caruthersville,58
2015-10-02,Warrensburg,28,Center,50
2015-10-02,Farmington,21,Central (Cape Girardeau),41
2015-10-02,Fredericktown,20,Central (Park Hills),30
2015-10-02,Ruskin,21,Central (St. Joseph),51
2015-10-02,Malden,66,Chaffee,13
2015-10-02,Kennett,68,Charleston,14
2015-10-02,North Callaway,42,Clopton with Elsberry,37
2015-10-02,Lone Jack,64,Concordia,28
2015-10-02,Sweet Springs with Malta Bend,0,Crest Ridge,55
2015-10-02,Herculaneum,30,Crystal City,12
2015-10-02,Lincoln,60,Cuba,14
2015-10-02,Central (New Madrid County),20,Dexter,62
2015-10-02,Miller with Everton,12,Diamond,47
2015-10-02,Cardinal Ritter,50,Duchesne,35
2015-10-02,Lamar,63,East Newton,6
2015-10-02,Osage,49,Eldon,52
2015-10-02,Marquette,21,Eureka,38
2015-10-02,Grain Valley,43,Excelsior Springs,25
2015-10-02,Marionville,22,Fair Grove,20
2015-10-02,Pacific,15,Festus,28
2015-10-02,Lindbergh,14,Fox,48
2015-10-02,Francis Howell Central,7,Francis Howell,42
2015-10-02,Washington,54,Ft. Zumwalt East,76
2015-10-02,Holt,7,Ft. Zumwalt North,55
2015-10-02,Boonville,13,Fulton,47
2015-10-02,Maysville,51,Gallatin,30
2015-10-02,Versailles,20,Hallsville,18
2015-10-02,Scott City,0,Hayti,45
2015-10-02,St. Clair,31,Hermann,56
2015-10-02,Rockhurst,50,Hickman,0
2015-10-02,DeSoto with Kingston,0,Hillsboro,46
2015-10-02,Richmond,43,Holden,13
2015-10-02,Reeds Spring,50,Hollister,0
2015-10-02,Sikeston,0,Jackson,41
2015-10-02,Grandview (Hillsboro),6,Jefferson (Festus),66
2015-10-02,Confluence Prep Academy Charter,6,Jefferson City,56
2015-10-02,Veritas Christian Academy,33,John F. Kennedy with Valley Park,12
2015-10-02,West Plains,21,Kickapoo,42
2015-10-02,Mexico,54,Kirksville,14
2015-10-02,Lafayette County,62,Knob Noster,6
2015-10-02,Harrisburg,0,Knox County,58
2015-10-02,Cameron,0,Lafayette (St. Joseph),37
2015-10-02,Parkway South,0,Lafayette (Wildwood),48
2015-10-02,Plattsburg,19,Lathrop,55
2015-10-02,Penney,28,Lawson,35
2015-10-02,Joplin,35,Lebanon,7
2015-10-02,Park Hill,41,Lee's Summit,34
2015-10-02,Battle,31,Lee's Summit North,18
2015-10-02,Carrollton,0,Lexington,42
2015-10-02,Barat Academy,0,Liberty (Wentzville),32
2015-10-02,William Chrisman,13,Liberty North,48
2015-10-02,Sarcoxie,20,Lockwood with Golden City,46
2015-10-02,Clark County,49,Louisiana,0
2015-10-02,Priory,38,Lutheran South,45
2015-10-02,St. Dominic,28,Lutheran St. Charles,13
2015-10-02,Fayette,0,Marceline,55
2015-10-02,Bowling Green,6,Mark Twain,46
2015-10-02,Central (Springfield),38,Marshfield,22
2015-10-02,Seneca,36,McDonald County,32
2015-10-02,Rich Hill with Hume,0,Midway,14
2015-10-02,Hannibal,56,Moberly,13
2015-10-02,Carl Junction,35,Monett,0
2015-10-02,Scotland County,12,Monroe City,30
2015-10-02,South Callaway,57,Montgomery County,20
2015-10-02,Cassville,16,Mt. Vernon,23
2015-10-02,Webb City,35,Neosho with Neosho Christian,7
2015-10-02,Aurora,29,Nevada,7
2015-10-02,Ozark,7,Nixa,19
2015-10-02,East Buchanan,32,North Platte,8
2015-10-02,Putnam County,28,North Shelby,26
2015-10-02,Mehlville,26,Northwest (Cedar Hill),20
2015-10-02,Harrisonville,35,Oak Grove,10
2015-10-02,Fort Osage,49,Oak Park,14
2015-10-02,Pleasant Hill,10,Odessa,41
2015-10-02,Centralia,7,Palmyra,6
2015-10-02,Liberty,30,Park Hill South,14
2015-10-02,Clayton,29,Parkway Central,37
2015-10-02,Webster Groves,7,Parkway North,34
2015-10-02,Ladue Horton Watkins,27,Parkway West,13
2015-10-02,Rockwood Summit,7,Pattonville,20
2015-10-02,University Academy Charter,26,Pembroke Hill,44
2015-10-02,El Dorado Springs,48,Pierce City,20
2015-10-02,Kearney,36,Platte County,0
2015-10-02,East Prairie,20,Portageville,40
2015-10-02,King City with Union Star,28,Princeton with Mercer,6
2015-10-02,Blue Springs,21,Raymore-Peculiar,14
2015-10-02,North Kansas City,13,Raytown,14
2015-10-02,Kirkwood,42,Ritenour,2
2015-10-02,Glendale,44,Rolla,61
2015-10-02,Mountain Grove,20,Salem,14
2015-10-02,Orrick,14,Santa Fe,51
2015-10-02,Chillicothe,16,Savannah,22
2015-10-02,Milan,6,Schuyler County,20
2015-10-02,Oakville,42,Seckman,0
2015-10-02,Drexel with Miami (Amoret),14,Sherwood,0
2015-10-02,Strafford,14,Skyline,21
2015-10-02,Paris,54,Slater,8
2015-10-02,Christian Brothers College,56,SLUH,22
2015-10-02,Clinton,7,Smith-Cotton,28
2015-10-02,Maryville,43,Smithville,7
2015-10-02,Highland,46,South Shelby,40
2015-10-02,Warsaw,6,Southern Boone,67
2015-10-02,East (Kansas City),41,Southwest Early College,34
2015-10-02,Buffalo,14,Springfield Catholic,51
2015-10-02,Orchard Farm,33,St. Charles,48
2015-10-02,Ft. Zumwalt South,21,St. Charles West,10
2015-10-02,St. Francis Borgia,50,Webster Groves,49
2015-10-02,Wellington-Napoleon,48,St. Paul Lutheran (Concordia),23
2015-10-02,St. Pius X (Festus),34,St. Vincent,0
2015-10-02,Perryville,17,Ste. Genevieve,62
2015-10-02,Butler,55,Stockton,35
2015-10-02,St. James,7,Sullivan,21
2015-10-02,Francis Howell North,6,Timberland,14
2015-10-02,Cole Camp,28,Tipton,0
2015-10-02,South Harrison,0,Trenton,28
2015-10-02,Bishop DuBourg,21,Trinity Catholic,54
2015-10-02,Marshall,21,Truman,62
2015-10-02,Owensville,32,Union,14
2015-10-02,Potosi,3,Valle Catholic,42
2015-10-02,Gateway,20,Vashon,14
2015-10-02,De Smet Jesuit,14,Vianney,41
2015-10-02,Winfield,12,Warrenton,57
2015-10-02,Camdenton,21,Waynesville,42
2015-10-02,Mid-Buchanan,12,West Platte,48
2015-10-02,Salisbury,21,Westran,7
2015-10-02,Republic,49,Willard,35
2015-10-02,Houston,29,Willow Springs,22
2015-10-02,North County,47,Windsor (Imperial),26
2015-10-02,Grandview,20,Winnetonka,14
2015-10-02,Van-Far with Community,18,Wright City,44
2015-10-03,Soldan International Studies,32,Cleveland NJROTC,8
2015-10-03,Troy Buchanan,10,Ft. Zumwalt West,28
2015-10-03,Hazelwood East,20,Hazelwood Central,40
2015-10-03,Rock Bridge,7,Helias Catholic,10
2015-10-03,Van Horn,21,Hogan Prep Academy Charter,57
2015-10-03,McCluer South-Berkeley,46,Jennings,10
2015-10-03,MICDS,21,Lutheran North,33
2015-10-03,Hazelwood West,7,McCluer,20
2015-10-03,Riverview Gardens,22,McCluer North,67
2015-10-03,Roosevelt,6,Miller Career Academy,48
2015-10-03,Father Tolton,93,Missouri Military Academy,13
2015-10-03,Affton,36,Normandy Collaborative,13
2015-10-03,Southeast,19,Summit Christian Academy,30
2015-10-03,John Burroughs,14,Westminster Christian Academy,27
2015-10-08,Vashon,6,De Smet Jesuit,18
2015-10-08,Northeast (Kansas City),18,East (Kansas City),33
2015-10-09,Lamar,41,Aurora,0
2015-10-09,Cabool,13,Ava,41
2015-10-09,Lee's Summit West,24,Blue Springs,31
2015-10-09,Moberly,34,Boonville,25
2015-10-09,Montgomery County,28,Bowling Green,51
2015-10-09,Willard,43,Branson,35
2015-10-09,Princeton with Mercer,16,Braymer with Breckenridge,47
2015-10-09,Liberty (Wentzville),8,Brentwood,53
2015-10-09,Marshfield,43,Buffalo,0
2015-10-09,Sarcoxie,12,Butler,61
2015-10-09,Benton,30,Cameron,7
2015-10-09,Priory,41,Cardinal Ritter,46
2015-10-09,Seneca,28,Carl Junction,63
2015-10-09,Holden,17,Carrollton,14
2015-10-09,Nixa,14,Carthage,26
2015-10-09,Hayti,0,Caruthersville,7
2015-10-09,East Newton,7,Cassville,54
2015-10-09,Chaminade College Prep,49,Central (Cape Girardeau),14
2015-10-09,Fredericktown,44,Central (New Madrid County),27
2015-10-09,Dexter,27,Central (Park Hills),42
2015-10-09,Monroe City,14,Centralia,56
2015-10-09,Jefferson (Festus),72,Chaffee,54
2015-10-09,South Shelby,0,Clark County,21
2015-10-09,Osceola,17,Cole Camp,22
2015-10-09,Crest Ridge,55,Concordia,0
2015-10-09,Ste. Genevieve,41,DeSoto with Kingston,0
2015-10-09,Lathrop,35,East Buchanan,54
2015-10-09,Charleston,6,East Prairie,55
2015-10-09,Ash Grove,17,Fair Grove,7
2015-10-09,Cuba,22,Father Tolton,48
2015-10-09,Salisbury,7,Fayette,35
2015-10-09,St. Charles West,27,Festus,13
2015-10-09,Liberty North,21,Fort Osage,14
2015-10-09,Troy Buchanan,0,Francis Howell,42
2015-10-09,Timberland,20,Francis Howell Central,34
2015-10-09,Ft. Zumwalt West,44,Francis Howell North,14
2015-10-09,Ft. Zumwalt South,41,Ft. Zumwalt East,39
2015-10-09,Waynesville,56,Glendale,60
2015-10-09,Platte County,12,Grandview,32
2015-10-09,St. Vincent,30,Grandview (Hillsboro),20
2015-10-09,Eldon,21,Hallsville,14
2015-10-09,Marshall,14,Hannibal,57
2015-10-09,Lincoln,48,Harrisburg,0
2015-10-09,Odessa,23,Harrisonville,55
2015-10-09,Valle Catholic,78,Herculaneum,8
2015-10-09,Rolla,30,Hillcrest,40
2015-10-09,Mountain Grove,34,Houston,7
2015-10-09,Windsor,20,Jasper,52
2015-10-09,Battle,14,Jefferson City,44
2015-10-09,Camdenton,12,Joplin,27
2015-10-09,Belton,7,Kearney,48
2015-10-09,Portageville,64,Kelly,6
2015-10-09,Trenton,33,Kirksville,8
2015-10-09,Pattonville,21,Kirkwood,38
2015-10-09,Schuyler County,12,Knox County,34
2015-10-09,Bishop LeBlond,14,Lafayette (St. Joseph),41
2015-10-09,SLUH,35,Lafayette (Wildwood),25
2015-10-09,Lexington,34,Lafayette County,14
2015-10-09,Kickapoo,49,Lebanon,21
2015-10-09,Blue Springs South,39,Lee's Summit North,7
2015-10-09,Diamond,42,Liberal with Bronaugh,14
2015-10-09,Hickman,19,Liberty,49
2015-10-09,Salem,13,Liberty (Mountain View),47
2015-10-09,Pembroke Hill,30,Lincoln College Prep,34
2015-10-09,Eureka,41,Lindbergh,0
2015-10-09,Hollister,7,Logan-Rogersville,22
2015-10-09,Lutheran St. Charles,20,Lutheran South,41
2015-10-09,Louisiana,28,Macon,49
2015-10-09,Kennett,20,Malden,34
2015-10-09,Parkway South,0,Marquette,42
2015-10-09,Savannah,0,Maryville,24
2015-10-09,Fulton,39,Mexico,64
2015-10-09,Lawson,43,Mid-Buchanan,14
2015-10-09,Highland,8,Milan,22
2015-10-09,Lockwood with Golden City,57,Miller with Everton,8
2015-10-09,Gateway,47,Miller Career Academy,0
2015-10-09,North Shelby,34,Missouri Military Academy,33
2015-10-09,Clinton,3,Monett,35
2015-10-09,McDonald County,7,Mt. Vernon,24
2015-10-09,Wright City,42,North Callaway,28
2015-10-09,Oak Park,43,North Kansas City,30
2015-10-09,Fox,49,Northwest (Cedar Hill),15
2015-10-09,Grain Valley,26,Oak Grove,31
2015-10-09,Mehlville,17,Oakville,14
2015-10-09,Center,38,O'Hara,7
2015-10-09,Warrenton,45,Orchard Farm,7
2015-10-09,Wellington-Napoleon,55,Orrick,0
2015-10-09,California,41,Osage,21
2015-10-09,Sullivan,41,Owensville,31
2015-10-09,Webb City,35,Ozark,7
2015-10-09,Hermann,34,Pacific,40
2015-10-09,Brookfield,20,Palmyra,0
2015-10-09,Marceline,42,Paris,0
2015-10-09,Central (St. Joseph),24,Park Hill,38
2015-10-09,Ft. Zumwalt North,12,Parkway Central,10
2015-10-09,North Platte,23,Penney,28
2015-10-09,West Platte,26,Plattsburg,35
2015-10-09,Excelsior Springs,28,Pleasant Hill,35
2015-10-09,Stockton,49,Pleasant Hope,0
2015-10-09,King City with Union Star,58,Polo,54
2015-10-09,Hillsboro,18,Poplar Bluff,35
2015-10-09,North County,33,Potosi,14
2015-10-09,Lee's Summit,28,Raymore-Peculiar,35
2015-10-09,Winnetonka,25,Raytown South,47
2015-10-09,Central (Springfield),24,Reeds Spring,35
2015-10-09,Neosho with Neosho Christian,36,Republic,15
2015-10-09,Archie,25,Rich Hill with Hume,42
2015-10-09,Knob Noster,8,Richmond,49
2015-10-09,Helias Catholic,25,Rockhurst,35
2015-10-09,Webster Groves,7,Rockwood Summit,42
2015-10-09,Park Hill South,58,Ruskin,6
2015-10-09,St. Paul Lutheran (Concordia),23,Santa Fe,20
2015-10-09,Putnam County,42,Scotland County,56
2015-10-09,Jackson,49,Seckman,6
2015-10-09,Adrian,28,Sherwood,0
2015-10-09,Soldan International Studies,12,Sikeston,42
2015-10-09,Marionville,37,Skyline,58
2015-10-09,St. Pius X (Kansas City),20,Smith-Cotton,38
2015-10-09,Chillicothe,7,Smithville,20
2015-10-09,Mark Twain,18,South Callaway,7
2015-10-09,Maysville,22,South Harrison,40
2015-10-09,Versailles,6,Southern Boone,56
2015-10-09,University Academy Charter,56,Southwest Early College,28
2015-10-09,Bolivar,49,Springfield Catholic,0
2015-10-09,Bishop DuBourg,27,St. Charles,49
2015-10-09,MICDS,14,St. Dominic,21
2015-10-09,St. Clair,7,St. Francis Borgia,47
2015-10-09,Union,42,St. James,6
2015-10-09,Confluence Prep Academy Charter,20,Webster Groves,16
2015-10-09,Crystal City,8,St. Pius X (Festus),40
2015-10-09,Raytown,0,Staley,35
2015-10-09,El Dorado Springs,8,Strafford,15
2015-10-09,Lone Jack,24,Sweet Springs with Malta Bend,22
2015-10-09,Willow Springs,8,Thayer,54
2015-10-09,Lutheran North,40,Trinity Catholic,14
2015-10-09,Clopton with Elsberry,12,Van-Far with Community,28
2015-10-09,Westminster Christian Academy,45,Veritas Christian Academy,28
2015-10-09,Farmington,28,Vianney,49
2015-10-09,Nevada,14,Warrensburg,44
2015-10-09,Blair Oaks,57,Warsaw,0
2015-10-09,Holt,57,Washington,84
2015-10-09,Parkview,21,West Plains,43
2015-10-09,Slater,8,Westran,70
2015-10-09,Truman,28,William Chrisman,27
2015-10-09,John F. Kennedy with Valley Park,36,Winfield,42
2015-10-10,Van Horn,45,Central (Kansas City),12
2015-10-10,Parkway West,22,Clayton,26
2015-10-10,Affton,42,Cleveland NJROTC,12
2015-10-10,Hazelwood Central,27,Hazelwood West,9
2015-10-10,Southeast,14,Hogan Prep Academy Charter,63
2015-10-10,Duchesne,20,Jennings,52
2015-10-10,Lift for Life Academy Charter,14,John Burroughs,41
2015-10-10,McCluer,0,McCluer North,43
2015-10-10,Normandy Collaborative,0,McCluer South-Berkeley,42
2015-10-10,Ritenour,20,Parkway North,22
2015-10-10,Windsor (Imperial),14,Perryville,35
2015-10-10,Hazelwood East,61,Riverview Gardens,14
2015-10-10,Carnahan,16,Roosevelt,8
2015-10-10,Gallatin,0,Summit Christian Academy,54
2015-10-10,Sumner,28,Transportation and Law,6
2015-10-10,Ladue Horton Watkins,28,University City,21
2015-10-15,Mt. Vernon,26,Central (Springfield),28
2015-10-15,North Kansas City,0,Liberty North,57
2015-10-15,East (Kansas City),40,Lincoln College Prep,35
2015-10-16,El Dorado Springs,56,Adrian,28
2015-10-16,St. Charles,6,Affton,48
2015-10-16,Lone Jack,30,Archie,53
2015-10-16,Strafford,20,Ash Grove,7
2015-10-16,Hannibal,42,Battle,35
2015-10-16,Savannah,7,Bishop LeBlond,21
2015-10-16,Lee's Summit North,15,Blue Springs,23
2015-10-16,Reeds Spring,27,Bolivar,50
2015-10-16,Clark County,0,Brookfield,42
2015-10-16,Salem,41,Cabool,7
2015-10-16,Warsaw,0,California,36
2015-10-16,Glendale,60,Camdenton,41
2015-10-16,Smithville,38,Cameron,0
2015-10-16,Smith-Cotton,27,Center,17
2015-10-16,Riverview Gardens,6,Central (Cape Girardeau),55
2015-10-16,Portageville,62,Central (New Madrid County),0
2015-10-16,Mt. Vernon,26,Central (Springfield),28
2015-10-16,Macon,0,Centralia,28
2015-10-16,Ritenour,18,Chaminade College Prep,29
2015-10-16,Herculaneum,46,Charleston,6
2015-10-16,Benton,6,Chillicothe,20
2015-10-16,Rock Bridge,6,Christian Brothers College,52
2015-10-16,Festus,36,Clayton,48
2015-10-16,Windsor,47,Crest Ridge,40
2015-10-16,Grandview (Hillsboro),8,Crystal City,6
2015-10-16,Potosi,0,DeSoto with Kingston,14
2015-10-16,Malden,80,Dexter,51
2015-10-16,Father Tolton,32,Diamond,14
2015-10-16,Aurora,47,East Newton,7
2015-10-16,Southern Boone,12,Eldon,23
2015-10-16,Oak Grove,61,Excelsior Springs,26
2015-10-16,Hollister,0,Fair Grove,35
2015-10-16,Central (Park Hills),21,Farmington,25
2015-10-16,Westran,26,Fayette,0
2015-10-16,Parkway North,2,Fox,24
2015-10-16,Marquette,38,Francis Howell Central,0
2015-10-16,Washington,40,Francis Howell North,28
2015-10-16,Timberland,7,Ft. Zumwalt North,42
2015-10-16,Vianney,63,Ft. Zumwalt South,27
2015-10-16,De Smet Jesuit,40,Ft. Zumwalt West,61
2015-10-16,Kirksville,14,Fulton,53
2015-10-16,Braymer with Breckenridge,14,Gallatin,30
2015-10-16,Odessa,35,Grain Valley,0
2015-10-16,Kearney,42,Grandview,0
2015-10-16,Pleasant Hill,21,Harrisonville,35
2015-10-16,Hazelwood Central,40,Hickman,0
2015-10-16,Louisiana,16,Highland,56
2015-10-16,Knob Noster,6,Holden,52
2015-10-16,Troy Buchanan,35,Holt,27
2015-10-16,Lockwood with Golden City,38,Jasper,30
2015-10-16,Rockhurst,20,Jefferson City,55
2015-10-16,Hillcrest,0,Joplin,52
2015-10-16,Chaffee,57,Kelly,51
2015-10-16,East Prairie,12,Kennett,34
2015-10-16,South Harrison,20,King City with Union Star,18
2015-10-16,Carrollton,0,Lafayette County,50
2015-10-16,Carl Junction,34,Lamar,56
2015-10-16,West Platte,19,Lawson,37
2015-10-16,Blue Springs South,49,Lee's Summit,21
2015-10-16,Raymore-Peculiar,34,Lee's Summit West,31
2015-10-16,Houston,7,Liberty (Mountain View),63
2015-10-16,Bishop DuBourg,63,Liberty (Wentzville),27
2015-10-16,Cole Camp,6,Lincoln,32
2015-10-16,Oakville,7,Lindbergh,10
2015-10-16,Buffalo,24,Logan-Rogersville,41
2015-10-16,Lift for Life Academy Charter,6,Lutheran South,49
2015-10-16,Orchard Farm,33,Lutheran St. Charles,50
2015-10-16,Slater,0,Marceline,74
2015-10-16,Stockton,14,Marionville,54
2015-10-16,Boonville,14,Marshall,35
2015-10-16,Springfield Catholic,34,Marshfield,28
2015-10-16,Lafayette (St. Joseph),21,Maryville,37
2015-10-16,Princeton with Mercer,20,Maysville,48
2015-10-16,Monett,45,McDonald County,6
2015-10-16,Pattonville,50,Mehlville,0
2015-10-16,Lathrop,64,Mid-Buchanan,34
2015-10-16,Sherwood,0,Midway,43
2015-10-16,Jackson,42,Miller Career Academy,32
2015-10-16,St. Paul Lutheran (Concordia),44,Missouri Military Academy,0
2015-10-16,Mexico,34,Moberly,27
2015-10-16,Palmyra,33,Monroe City,12
2015-10-16,Mark Twain,72,Montgomery County,12
2015-10-16,Thayer,38,Mountain Grove,14
2015-10-16,Ozark,21,Neosho with Neosho Christian,38
2015-10-16,Clinton,13,Nevada,14
2015-10-16,Republic,42,Nixa,27
2015-10-16,Fredericktown,24,North County,7
2015-10-16,Plattsburg,13,North Platte,26
2015-10-16,Knox County,56,North Shelby,0
2015-10-16,Staley,42,Oak Park,6
2015-10-16,Warrensburg,38,O'Hara,56
2015-10-16,Appleton City with Montrose,61,Orrick,16
2015-10-16,Hallsville,6,Osage,21
2015-10-16,Pleasant Hope,16,Osceola,49
2015-10-16,St. Clair,60,Owensville,30
2015-10-16,Central (St. Joseph),20,Park Hill South,24
2015-10-16,Lebanon,35,Parkview,42
2015-10-16,Parkway Central,37,Parkway South,0
2015-10-16,Northwest (Cedar Hill),12,Parkway West,27
2015-10-16,St. Pius X (Kansas City),34,Pembroke Hill,6
2015-10-16,East Buchanan,60,Penney,41
2015-10-16,Raytown South,15,Platte County,23
2015-10-16,University Academy Charter,57,Polo,64
2015-10-16,Normandy Collaborative,0,Poplar Bluff,38
2015-10-16,Milan,35,Putnam County,20
2015-10-16,Fort Osage,55,Raytown,14
2015-10-16,Liberal with Bronaugh,16,Rich Hill with Hume,54
2015-10-16,Lexington,20,Richmond,35
2015-10-16,West Plains,60,Rolla,13
2015-10-16,Liberty,33,Ruskin,0
2015-10-16,Paris,40,Salisbury,7
2015-10-16,Pierce City,27,Sarcoxie,7
2015-10-16,Scotland County,34,Schuyler County,16
2015-10-16,Perryville,56,Scott City,20
2015-10-16,Cassville,40,Seneca,12
2015-10-16,Cardinal Ritter,38,Sikeston,25
2015-10-16,Kirkwood,28,SLUH,35
2015-10-16,Bowling Green,16,South Callaway,45
2015-10-16,Harrisburg,0,South Shelby,55
2015-10-16,Central (Kansas City),24,Southeast,6
2015-10-16,Pacific,28,St. James,20
2015-10-16,Lutheran North,69,Webster Groves,19
2015-10-16,Jefferson (Festus),68,St. Vincent,28
2015-10-16,Caruthersville,35,Ste. Genevieve,42
2015-10-16,Helias Catholic,14,Sullivan,7
2015-10-16,Skyline,53,Tipton,18
2015-10-16,Concordia,15,Trenton,74
2015-10-16,Jennings,34,Trinity Catholic,7
2015-10-16,Park Hill,38,Truman,16
2015-10-16,Hermann,34,Union,28
2015-10-16,St. Pius X (Festus),20,Valle Catholic,69
2015-10-16,William Chrisman,42,Van Horn,7
2015-10-16,North Callaway,38,Van-Far with Community,0
2015-10-16,John Burroughs,44,Veritas Christian Academy,6
2015-10-16,Blair Oaks,70,Versailles,0
2015-10-16,Ft. Zumwalt East,48,Warrenton,10
2015-10-16,Kickapoo,49,Waynesville,12
2015-10-16,Branson,7,Webb City,49
2015-10-16,McCluer,7,Webster Groves,27
2015-10-16,Sweet Springs with Malta Bend,14,Wellington-Napoleon,59
2015-10-16,Carthage,36,Willard,29
2015-10-16,Ava,47,Willow Springs,6
2015-10-16,Winfield,28,Windsor (Imperial),42
2015-10-16,Belton,44,Winnetonka,23
2015-10-16,Clopton with Elsberry,6,Wright City,45
2015-10-17,Brentwood,57,Cleveland NJROTC,0
2015-10-17,Hogan Prep Academy Charter,62,Cuba,6
2015-10-17,Rockwood Summit,34,Gateway,25
2015-10-17,Eureka,24,Hazelwood East,14
2015-10-17,Seckman,0,Hazelwood West,20
2015-10-17,St. Charles West,31,Ladue Horton Watkins,35
2015-10-17,Lafayette (Wildwood),49,McCluer North,20
2015-10-17,Confluence Prep Academy Charter,0,McCluer South-Berkeley,46
2015-10-17,Duchesne,7,MICDS,35
2015-10-17,Southwest Early College,26,Northeast (Kansas City),24
2015-10-17,John F. Kennedy with Valley Park,6,Principia,21
2015-10-17,St. Dominic,19,Priory,25
2015-10-17,Roosevelt,14,Soldan International Studies,56
2015-10-17,Butler,34,Summit Christian Academy,42
2015-10-17,Vashon,46,Sumner,6
2015-10-17,Carnahan,30,Transportation and Law,32
2015-10-17,Hillsboro,35,University City,27
2015-10-17,St. Francis Borgia,20,Westminster Christian Academy,37
2015-10-23,Louisiana,0,Valle Catholic,70
2015-10-23,Crystal City,8,St. Vincent,17
2015-10-23,Chaffee,6,Mark Twain,48
2015-10-23,Cabool,27,Pierce City,26
2015-10-23,Miller with Everton,16,Lockwood with Golden City,49
2015-10-23,Sarcoxie,34,Marionville,62
2015-10-23,North Shelby,0,Knox County,52
2015-10-23,Schuyler County,6,South Shelby,47
2015-10-23,Putnam County,8,Paris,47
2015-10-23,Milan,0,Scotland County,21
2015-10-23,Slater,0,Marceline,75
2015-10-23,Salisbury,18,Fayette,48
2015-10-23,Harrisburg,30,Santa Fe,36
2015-10-23,Sweet Springs with Malta Bend,12,Westran,51
2015-10-23,Drexel with Miami (Amoret),42,Rich Hill with Hume,36
2015-10-23,Liberal with Bronaugh,14,Midway,41
2015-10-23,Archie,0,Adrian,23
2015-10-23,Tipton,24,Osceola,54
2015-10-23,Appleton City with Montrose,6,Lincoln,50
2015-10-23,Windsor,43,Crest Ridge,18
2015-10-23,Orrick,0,Wellington-Napoleon,60
2015-10-23,Plattsburg,16,North Platte,24
2015-10-23,Concordia,21,West Platte,68
2015-10-23,Lone Jack,12,Mid-Buchanan,49
2015-10-23,Princeton with Mercer,6,Polo,48
2015-10-23,Maysville,46,King City with Union Star,18
2015-10-23,Braymer with Breckenridge,0,South Harrison,50
2015-10-23,Gallatin,8,Penney,42
2015-10-23,Charleston,0,Malden,63
2015-10-23,East Prairie,34,Portageville,18
2015-10-23,Kelly,20,Caruthersville,66
2015-10-23,Scott City,14,Hayti,56
2015-10-23,Cleveland NJROTC,14,Herculaneum,36
2015-10-23,Grandview (Hillsboro),6,Jefferson (Festus),67
2015-10-23,Lutheran St. Charles,28,Trinity Catholic,27
2015-10-23,Principia,0,Hermann,45
2015-10-23,Montgomery County,0,Palmyra,35
2015-10-23,Van-Far with Community,0,North Callaway,54
2015-10-23,Clopton with Elsberry,28,Clark County,49
2015-10-23,Highland,48,Bowling Green,44
2015-10-23,Pleasant Hope,12,Liberty (Mountain View),82
2015-10-23,Houston,20,Strafford,46
2015-10-23,Willow Springs,21,Fair Grove,70
2015-10-23,Ash Grove,21,Diamond,24
2015-10-23,Sherwood,0,Lamar,63
2015-10-23,Stockton,26,Butler,58
2015-10-23,Knob Noster,6,Father Tolton,70
2015-10-23,Hallsville,42,St. Paul Lutheran (Concordia),0
2015-10-23,Holden,21,Lafayette County,49
2015-10-23,Cole Camp,47,South Callaway,27
2015-10-23,Carrollton,14,East Buchanan,40
2015-10-23,Trenton,12,Bishop LeBlond,15
2015-10-23,Lathrop,20,Brookfield,31
2015-10-23,Lawson,27,Lexington,41
2015-10-23,Central (New Madrid County),6,Ste. Genevieve,49
2015-10-23,St. Pius X (Festus),8,Potosi,25
2015-10-23,Dexter,33,Central (Park Hills),49
2015-10-23,Fredericktown,28,Kennett,56
2015-10-23,Lift for Life Academy Charter,42,Confluence Prep Academy Charter,6
2015-10-23,Winfield,22,Orchard Farm,34
2015-10-23,Duchesne,0,Wright City,21
2015-10-23,Macon,16,Veritas Christian Academy,26
2015-10-23,Versailles,0,Blair Oaks,70
2015-10-23,Eldon,56,Owensville,33
2015-10-23,Boonville,15,Fulton,40
2015-10-23,Southern Boone,48,California,21
2015-10-23,Warsaw,26,Mountain Grove,47
2015-10-23,Springfield Catholic,0,Osage,35
2015-10-23,Buffalo,6,Ava,59
2015-10-23,St. James,6,Salem,14
2015-10-23,East Newton,0,Reeds Spring,49
2015-10-23,Cassville,35,Mt. Vernon,14
2015-10-23,Seneca,6,Monett,51
2015-10-23,Hollister,13,Aurora,42
2015-10-23,Central (Kansas City),8,Odessa,61
2015-10-23,Clinton,22,O'Hara,35
2015-10-23,Pembroke Hill,20,Oak Grove,56
2015-10-23,Northeast (Kansas City),6,Maryville,49
2015-10-23,Lincoln College Prep,43,East (Kansas City),14
2015-10-23,Cameron,0,Chillicothe,42
2015-10-23,St. Pius X (Kansas City),7,Richmond,35
2015-10-23,Centralia,13,Missouri Military Academy,0
2015-10-23,Festus,21,Hillsboro,42
2015-10-23,Perryville,14,Farmington,64
2015-10-23,DeSoto with Kingston,34,Sikeston,35
2015-10-23,North County,7,Central (Cape Girardeau),48
2015-10-23,Roosevelt,14,Affton,49
2015-10-23,Lutheran South,35,Miller Career Academy,20
2015-10-23,Webster Groves,20,Gateway,45
2015-10-23,McDonald County,13,Webb City,42
2015-10-23,Marshfield,13,Carl Junction,77
2015-10-23,Logan-Rogersville,6,West Plains,61
2015-10-23,Hillcrest,14,Bolivar,32
2015-10-23,Pleasant Hill,0,Harrisonville,52
2015-10-23,Grain Valley,7,Raytown South,32
2015-10-23,Nevada,18,Center,36
2015-10-23,Warrensburg,36,Grandview,65
2015-10-23,Riverview Gardens,24,Clayton,20
2015-10-23,St. Dominic,14,St. Charles,12
2015-10-23,MICDS,38,St. Charles West,27
2015-10-23,Priory,48,Sullivan,14
2015-10-23,Pacific,20,St. Francis Borgia,33
2015-10-23,Union,42,St. Clair,20
2015-10-23,Kirksville,7,Hannibal,47
2015-10-23,Moberly,8,Mexico,41
2015-10-23,Marshall,10,Warrenton,17
2015-10-23,Excelsior Springs,14,Kearney,59
2015-10-23,Van Horn,26,Savannah,56
2015-10-23,Lafayette (St. Joseph),14,Smithville,21
2015-10-23,Benton,34,Platte County,42
2015-10-23,Oakville,19,Poplar Bluff,37
2015-10-23,Parkway South,0,Rockwood Summit,35
2015-10-23,Jackson,14,Vianney,49
2015-10-23,McCluer,0,Pattonville,36
2015-10-23,Webster Groves,28,Ladue Horton Watkins,20
2015-10-23,Glendale,76,Central (Springfield),48
2015-10-23,Ozark,18,Parkview,46
2015-10-23,Branson,12,Nixa,49
2015-10-23,Willard,24,Belton,48
2015-10-23,Ruskin,0,Neosho with Neosho Christian,42
2015-10-23,Ft. Zumwalt East,9,Parkway Central,22
2015-10-23,Holt,6,Parkway North,70
2015-10-23,Parkway West,38,Ft. Zumwalt South,28
2015-10-23,Camdenton,7,Waynesville,19
2015-10-23,Rolla,16,Lebanon,42
2015-10-23,North Kansas City,12,Raytown,14
2015-10-23,Winnetonka,13,William Chrisman,48
2015-10-23,Liberty,14,Central (St. Joseph),49
2015-10-23,Oak Park,7,Park Hill,41
2015-10-23,Park Hill South,16,Liberty North,28
2015-10-23,Seckman,20,Eureka,31
2015-10-23,Mehlville,0,Marquette,48
2015-10-23,Lindbergh,6,Kirkwood,51
2015-10-23,Northwest (Cedar Hill),0,Lafayette (Wildwood),41
2015-10-23,Hickman,0,Francis Howell,35
2015-10-23,Timberland,26,Ft. Zumwalt West,29
2015-10-23,Troy Buchanan,0,Blue Springs South,56
2015-10-23,Rock Bridge,14,Jefferson City,31
2015-10-23,De Smet Jesuit,14,Christian Brothers College,63
2015-10-23,Francis Howell North,6,Ritenour,35
2015-10-23,Hazelwood West,7,SLUH,49
2015-10-23,Lee's Summit,26,Kickapoo,30
2015-10-23,Lee's Summit North,14,Lee's Summit West,34
2015-10-23,Blue Springs,24,Joplin,20
2015-10-23,Rockhurst,21,Raymore-Peculiar,24
2015-10-24,Monroe City,62,Barat Academy,0
2015-10-24,Cuba,22,Carnahan,28
2015-10-24,Transportation and Law,0,Lutheran North,72
2015-10-24,El Dorado Springs,34,University Academy Charter,0
2015-10-24,Southeast,6,Summit Christian Academy,42
2015-10-24,Normandy Collaborative,0,John Burroughs,42
2015-10-24,Bishop DuBourg,12,McCluer South-Berkeley,48
2015-10-24,Sumner,6,Soldan International Studies,65
2015-10-24,Southwest Early College,6,Hogan Prep Academy Charter,59
2015-10-24,Windsor (Imperial),6,Vashon,34
2015-10-24,Jennings,0,University City,41
2015-10-24,John F. Kennedy with Valley Park,0,Westminster Christian Academy,63
2015-10-24,Liberty (Wentzville),0,Helias Catholic,45
2015-10-24,McCluer North,12,Hazelwood East,32
2015-10-24,Francis Howell Central,14,Hazelwood Central,45
2015-10-30,St. Vincent,7,Valle Catholic,63
2015-10-30,Monroe City,0,Mark Twain,42
2015-10-30,Cabool,8,Thayer,36
2015-10-30,Marionville,48,Lockwood with Golden City,32
2015-10-30,South Shelby,35,Knox County,0
2015-10-30,Scotland County,31,Paris,42
2015-10-30,Fayette,0,Marceline,60
2015-10-30,Westran,52,Santa Fe,14
2015-10-30,Drexel with Miami (Amoret),50,Jasper,8
2015-10-30,Adrian,14,Midway,19
2015-10-30,Osceola,7,Skyline,55
2015-10-30,Windsor,0,Lincoln,52
2015-10-30,North Platte,34,Wellington-Napoleon,28
2015-10-30,Mid-Buchanan,8,West Platte,42
2015-10-30,Maysville,46,Polo,38
2015-10-30,Penney,15,South Harrison,14
2015-10-30,East Prairie,8,Malden,42
2015-10-30,Hayti,8,Caruthersville,35
2015-10-30,Herculaneum,6,Cardinal Ritter,44
2015-10-30,Carnahan,26,Jefferson (Festus),50
2015-10-30,Lutheran St. Charles,0,Brentwood,46
2015-10-30,North Callaway,12,Palmyra,53
2015-10-30,Highland,40,Clark County,63
2015-10-30,Strafford,6,Liberty (Mountain View),47
2015-10-30,Diamond,7,Fair Grove,39
2015-10-30,El Dorado Springs,6,Lamar,50
2015-10-30,Hallsville,12,Father Tolton,35
2015-10-30,Cole Camp,0,Lafayette County,38
2015-10-30,Bishop LeBlond,9,East Buchanan,18
2015-10-30,Lexington,0,Brookfield,27
2015-10-30,Potosi,14,Ste. Genevieve,35
2015-10-30,Kennett,21,Central (Park Hills),28
2015-10-30,Orchard Farm,7,Centralia,49
2015-10-30,Veritas Christian Academy,17,Wright City,28
2015-10-30,Eldon,6,Blair Oaks,58
2015-10-30,Southern Boone,48,Fulton,61
2015-10-30,Osage,13,Mountain Grove,24
2015-10-30,Salem,34,Ava,14
2015-10-30,Cassville,13,Reeds Spring,20
2015-10-30,Aurora,25,Monett,11
2015-10-30,O'Hara,7,Odessa,41
2015-10-30,Oak Grove,29,Hogan Prep Academy Charter,8
2015-10-30,Lincoln College Prep,6,Maryville,48
2015-10-30,Richmond,38,Chillicothe,37
2015-10-30,Farmington,40,Hillsboro,14
2015-10-30,Central (Cape Girardeau),41,Sikeston,12
2015-10-30,Lutheran South,7,Affton,38
2015-10-30,Vashon,6,Gateway,0
2015-10-30,Carl Junction,7,Webb City,14
2015-10-30,Bolivar,12,West Plains,48
2015-10-30,Raytown South,0,Harrisonville,41
2015-10-30,Grandview,6,Center,49
2015-10-30,St. Dominic,3,Riverview Gardens,0
2015-10-30,Union,28,St. Francis Borgia,35
2015-10-30,Helias Catholic,14,Hannibal,35
2015-10-30,Warrenton,14,Mexico,38
2015-10-30,Savannah,6,Kearney,42
2015-10-30,Platte County,23,Smithville,7
2015-10-30,Poplar Bluff,21,Fox,27
2015-10-30,Vianney,28,Rockwood Summit,35
2015-10-30,Hazelwood East,6,Chaminade College Prep,42
2015-10-30,Webster Groves,0,Pattonville,21
2015-10-30,Glendale,34,Republic,71
2015-10-30,Nixa,49,Parkview,21
2015-10-30,Belton,54,Smith-Cotton,28
2015-10-30,Neosho with Neosho Christian,14,Carthage,33
2015-10-30,Parkway Central,0,Ft. Zumwalt North,35
2015-10-30,Parkway West,19,Parkway North,14
2015-10-30,Waynesville,32,Battle,49
2015-10-30,Lebanon,40,Washington,28
2015-10-30,Raytown,21,Fort Osage,40
2015-10-30,William Chrisman,8,Truman,33
2015-10-30,Central (St. Joseph),0,Staley,27
2015-10-30,Liberty North,7,Park Hill,10
2015-10-30,Marquette,6,Eureka,28
2015-10-30,Lafayette (Wildwood),7,Kirkwood,24
2015-10-30,Ft. Zumwalt West,20,Francis Howell,35
2015-10-30,Jefferson City,21,Blue Springs South,48
2015-10-30,Ritenour,0,Christian Brothers College,42
2015-10-30,Lee's Summit West,7,Kickapoo,26
2015-10-30,Raymore-Peculiar,12,Blue Springs,14
2015-10-31,Hermann,22,Lutheran North,56
2015-10-31,Butler,14,Summit Christian Academy,34
2015-10-31,Lift for Life Academy Charter,0,John Burroughs,49
2015-10-31,Soldan International Studies,28,McCluer South-Berkeley,66
2015-10-31,MICDS,0,University City,21
2015-10-31,Priory,10,Westminster Christian Academy,49
2015-10-31,SLUH,13,Hazelwood Central,41
2015-11-06,Mark Twain,0,Valle Catholic,44
2015-11-06,Marionville,21,Thayer,53
2015-11-06,Paris,28,South Shelby,35
2015-11-06,Westran,0,Marceline,35
2015-11-06,Midway,20,Drexel with Miami (Amoret),0
2015-11-06,Lincoln,8,Skyline,42
2015-11-06,West Platte,38,North Platte,26
2015-11-06,Penney,56,Maysville,34
2015-11-06,Caruthersville,33,Malden,42
2015-11-06,Jefferson (Festus),30,Cardinal Ritter,52
2015-11-06,Lutheran North,64,Brentwood,38
2015-11-06,Clark County,19,Palmyra,40
2015-11-06,Fair Grove,0,Liberty (Mountain View),52
2015-11-06,Summit Christian Academy,7,Lamar,58
2015-11-06,Lafayette County,59,Father Tolton,29
2015-11-06,Brookfield,43,East Buchanan,18
2015-11-06,Central (Park Hills),35,Ste. Genevieve,28
2015-11-06,Wright City,12,Centralia,43
2015-11-06,Fulton,29,Blair Oaks,48
2015-11-06,Salem,26,Mountain Grove,30
2015-11-06,Aurora,27,Reeds Spring,21
2015-11-06,Oak Grove,10,Odessa,28
2015-11-06,Richmond,7,Maryville,42
2015-11-06,Central (Cape Girardeau),35,Farmington,15
2015-11-06,Vashon,12,Affton,36
2015-11-06,West Plains,12,Webb City,45
2015-11-06,Center,20,Harrisonville,58
2015-11-06,Mexico,14,Hannibal,22
2015-11-06,Platte County,3,Kearney,43
2015-11-06,Rockwood Summit,36,Fox,0
2015-11-06,Pattonville,18,Chaminade College Prep,20
2015-11-06,Nixa,31,Republic,17
2015-11-06,Carthage,49,Belton,28
2015-11-06,Parkway West,0,Ft. Zumwalt North,35
2015-11-06,Lebanon,14,Battle,27
2015-11-06,Truman,20,Fort Osage,33
2015-11-06,Park Hill,27,Staley,16
2015-11-06,Kirkwood,28,Eureka,21
2015-11-06,Blue Springs South,46,Francis Howell,28
2015-11-06,Hazelwood Central,0,Christian Brothers College,47
2015-11-06,Blue Springs,31,Kickapoo,45
2015-11-07,McCluer South-Berkeley,14,John Burroughs,40
2015-11-07,University City,26,St. Dominic,0
2015-11-07,St. Francis Borgia,14,Westminster Christian Academy,63
2015-11-13,Penney,33,West Platte,27
2015-11-13,Cardinal Ritter,44,Malden,50
2015-11-13,Maryville,14,Odessa,28
2015-11-13,Affton,28,Central (Cape Girardeau),54
2015-11-13,Harrisonville,7,Webb City,45
2015-11-13,Chaminade College Prep,14,Rockwood Summit,7
2015-11-13,Battle,17,Ft. Zumwalt North,10
2015-11-13,Park Hill,10,Fort Osage,42
2015-11-13,Blue Springs South,41,Kirkwood,17
2015-11-13,Kickapoo,14,Christian Brothers College,35
2015-11-14,Thayer,10,Valle Catholic,17
2015-11-14,Marceline,33,South Shelby,0
2015-11-14,Skyline,26,Midway,13
2015-11-14,Palmyra,38,Lutheran North,28
2015-11-14,Lamar,14,Liberty (Mountain View),7
2015-11-14,Brookfield,36,Lafayette County,38
2015-11-14,John Burroughs,42,Central (Park Hills),7
2015-11-14,Blair Oaks,51,Centralia,26
2015-11-14,Aurora,14,Mountain Grove,12
2015-11-14,Westminster Christian Academy,35,University City,12
2015-11-14,Kearney,35,Hannibal,7
2015-11-14,Carthage,48,Nixa,46
2015-11-20,Fort Osage,49,Battle,12
2015-11-21,Marceline,13,Valle Catholic,16
2015-11-21,Penney,29,Skyline,12
2015-11-21,Palmyra,21,Malden,24
2015-11-21,Lafayette County,0,Lamar,45
2015-11-21,Blair Oaks,18,John Burroughs,31
2015-11-21,Odessa,14,Aurora,7
2015-11-21,Webb City,35,Central (Cape Girardeau),14
2015-11-21,Kearney,35,Westminster Christian Academy,16
2015-11-21,Carthage,19,Chaminade College Prep,43
2015-11-27,Lamar,37,Malden,0
2015-11-27,Kearney,17,Webb City,14
2015-11-27,Christian Brothers College,28,Blue Springs South,37
2015-11-28,Penney,36,Valle Catholic,61
2015-11-28,Odessa,6,John Burroughs,30
2015-11-28,Fort Osage,63,Chaminade College Prep,28
